test_y,train_test_y
40,40
50,40
40,40
40,40
30,30
30,40
40,40
32,30
40,40
10,40
40,40
40,40
39,40
35,40
48,40
50,45
25,40
30,40
20,40
45,40
47,40
35,40
6,40
43,40
40,40
90,50
20,40
54,40
35,44
60,40
38,40
50,40
50,40
40,40
40,40
40,40
40,40
50,40
40,40
40,40
50,40
45,60
40,40
40,40
32,10
36,40
40,40
50,40
18,40
50,40
20,20
40,40
24,35
60,40
54,40
40,40
40,40
50,40
50,40
40,40
50,40
40,50
40,48
40,40
40,40
40,40
60,40
20,20
40,40
48,40
45,40
40,40
40,40
40,40
40,40
40,40
50,40
30,40
40,40
40,40
50,50
40,40
40,40
50,50
50,40
44,40
10,40
56,40
40,40
10,40
25,45
20,40
10,40
40,40
40,40
40,40
40,40
40,40
40,40
40,40
18,36
35,40
39,40
40,40
28,40
40,40
40,40
40,40
16,30
28,30
48,40
40,60
40,55
20,40
40,40
40,40
40,40
24,40
40,40
40,40
60,40
25,15
30,30
40,40
40,40
25,40
40,40
40,40
60,40
50,50
40,40
40,40
40,28
41,60
48,40
40,40
60,50
40,40
35,40
40,40
40,40
22,40
55,40
45,70
30,40
30,40
30,40
40,44
50,55
30,48
14,40
32,40
20,40
40,40
45,50
40,40
40,40
25,45
40,40
40,50
30,40
40,65
45,40
40,40
45,47
40,40
16,35
45,50
25,30
33,40
40,40
40,45
40,40
60,40
40,40
45,50
45,40
37,40
50,65
40,40
40,40
40,50
38,15
55,40
40,40
8,15
45,40
50,40
40,40
45,40
40,45
50,40
37,40
40,5
55,40
40,40
45,40
50,40
40,40
40,40
40,40
50,60
45,40
40,40
40,40
54,50
40,40
20,6
50,40
55,40
12,40
50,25
40,40
40,40
32,40
40,40
32,40
38,40
40,40
45,50
40,40
40,40
40,40
40,50
40,40
40,40
38,40
40,40
40,40
35,8
40,25
50,60
50,40
40,40
30,40
60,40
40,40
28,32
40,15
40,40
35,45
60,40
12,30
32,40
20,40
50,40
40,40
40,40
70,85
40,40
15,20
50,40
40,40
40,40
50,40
35,40
40,40
40,40
40,40
20,25
50,50
40,50
40,40
40,40
40,25
40,40
40,40
25,40
30,35
20,40
75,40
40,40
40,45
38,40
35,40
35,40
52,40
24,30
50,50
60,20
40,40
38,40
25,40
40,40
55,90
48,40
40,40
40,40
40,40
40,40
55,50
40,40
40,40
40,40
40,20
40,40
32,40
40,40
60,50
48,40
40,40
38,40
38,40
40,40
16,20
40,40
40,40
40,40
60,35
84,40
45,40
40,35
60,75
45,40
35,40
42,40
40,40
25,40
40,50
40,40
40,40
40,40
40,40
40,40
40,40
50,45
42,40
15,10
60,60
50,40
20,40
45,40
40,40
42,40
50,40
40,20
55,40
40,40
80,50
48,40
40,40
40,40
40,40
45,40
40,40
50,40
40,40
50,40
40,30
40,40
40,40
30,40
40,40
12,40
84,50
50,40
45,45
80,60
40,40
40,40
40,40
60,42
25,40
40,40
50,50
25,60
70,43
60,50
8,50
40,40
68,40
40,40
40,40
44,40
45,40
40,40
40,40
40,40
10,13
15,40
40,40
40,40
35,40
35,40
99,60
35,40
37,40
40,40
40,20
55,40
50,40
40,40
50,45
40,40
40,40
60,40
45,40
16,55
45,40
40,40
40,45
20,40
25,15
36,40
65,40
55,40
40,40
40,40
40,40
24,20
40,40
40,40
70,16
25,40
40,40
40,40
30,40
40,40
40,60
40,50
40,40
40,40
40,40
45,60
40,40
40,40
40,40
40,40
45,40
35,8
50,40
20,40
40,40
37,40
20,40
40,40
55,40
5,20
60,50
50,55
40,40
40,45
40,40
60,40
20,20
55,50
50,40
40,40
40,40
40,40
40,40
48,60
40,40
44,40
40,40
42,40
35,24
65,40
35,40
40,40
39,40
40,40
60,40
38,40
40,40
40,40
40,40
40,40
40,40
40,40
20,45
10,40
50,40
40,40
40,40
75,14
40,40
40,40
20,40
32,40
28,40
40,40
17,25
50,50
35,16
40,40
40,40
30,40
35,40
40,40
40,40
28,40
60,40
40,40
40,40
36,40
40,20
60,40
40,40
35,40
40,50
55,40
40,45
33,40
60,40
10,40
10,20
45,40
36,40
65,65
40,40
38,40
40,40
18,20
40,40
50,40
40,40
40,40
60,50
45,40
40,40
50,40
72,60
12,10
50,40
40,40
40,40
40,40
35,45
50,50
50,40
37,50
40,40
40,40
60,50
30,50
45,40
40,50
60,50
20,16
50,50
50,50
40,50
40,15
45,40
60,40
40,50
40,40
50,40
60,66
25,18
35,40
50,50
40,40
40,40
40,40
60,50
40,50
50,40
25,40
40,40
40,40
35,50
8,8
60,40
40,40
54,40
40,50
65,40
37,40
40,40
30,40
48,20
35,40
40,40
50,45
80,60
45,40
45,40
45,40
40,45
40,50
50,64
40,40
40,40
30,40
40,40
40,40
40,35
40,40
40,40
40,40
35,40
20,38
50,45
40,40
28,40
55,60
55,40
35,40
40,40
40,40
60,40
40,40
40,40
40,40
40,40
50,40
40,40
40,40
56,40
48,40
30,48
40,40
40,40
40,40
30,30
40,40
40,40
53,50
38,40
35,40
40,40
40,40
40,40
50,40
10,40
45,50
60,30
40,40
40,40
37,40
40,40
30,40
52,40
40,40
40,40
10,40
42,40
40,40
40,40
40,40
40,40
40,50
40,40
25,40
25,40
40,40
40,40
20,40
40,40
40,40
20,40
40,40
40,40
20,20
50,40
25,40
55,40
45,40
20,40
32,40
10,40
40,40
29,40
32,40
40,40
40,40
40,40
75,40
24,10
35,40
40,40
40,40
40,40
20,12
50,40
40,40
40,48
50,40
20,40
40,40
40,40
52,40
40,40
52,40
70,60
40,40
55,40
40,40
35,40
40,40
55,50
30,60
40,40
40,40
25,32
10,40
80,40
45,40
40,40
50,45
60,40
16,40
40,40
40,40
25,40
40,40
40,40
40,40
45,40
65,45
40,40
40,40
50,55
40,40
40,40
37,40
60,40
48,40
40,40
48,40
60,40
96,40
40,40
40,40
50,40
25,40
40,40
50,55
40,40
45,40
50,40
40,40
20,40
50,40
40,48
55,40
30,40
50,40
40,25
40,40
40,40
50,40
40,60
28,40
60,40
52,40
45,40
40,40
50,40
35,40
50,40
40,40
40,40
45,40
33,40
40,40
50,40
55,40
40,40
40,40
40,40
33,40
28,15
40,18
40,40
40,45
40,56
35,40
21,40
40,40
40,40
8,40
35,40
60,75
50,40
60,40
40,50
40,40
40,40
40,40
40,40
40,40
40,40
40,40
15,50
40,40
40,40
40,40
40,40
20,40
40,40
40,50
40,40
10,40
43,40
45,40
30,40
45,40
25,40
45,40
50,40
40,40
40,50
48,40
40,60
40,40
38,40
40,40
90,40
40,40
40,40
40,40
15,40
40,55
5,40
16,40
25,50
60,40
37,40
25,40
40,40
35,40
40,40
40,40
40,40
25,20
45,40
55,50
10,40
46,48
30,40
40,40
35,40
40,40
40,40
40,40
8,10
40,70
18,40
40,40
3,40
16,50
40,40
40,40
50,45
20,40
40,40
30,40
40,40
60,60
40,40
50,40
40,25
35,40
30,40
40,44
40,35
25,40
40,40
48,60
40,40
40,40
35,40
40,45
39,40
40,40
55,72
40,55
1,15
50,40
50,40
45,40
40,40
40,40
55,40
40,40
40,40
40,38
40,40
40,40
60,60
30,20
50,40
40,50
35,40
40,50
40,40
45,40
55,40
40,40
40,8
44,40
60,40
40,40
50,35
45,40
30,40
50,40
44,40
99,40
40,40
40,45
38,40
60,50
60,50
80,40
55,50
40,40
40,40
38,40
40,40
30,28
40,40
40,40
40,40
40,40
35,40
36,40
40,44
40,50
30,45
50,55
40,40
40,40
23,40
55,40
70,50
12,50
40,40
50,40
32,40
40,40
40,40
40,50
40,40
48,99
48,40
40,40
40,40
60,8
45,40
40,40
35,52
40,40
40,40
40,50
55,40
44,40
49,40
16,40
40,40
35,30
56,40
40,40
40,40
40,40
40,15
55,40
35,6
40,40
40,40
40,40
40,45
50,30
40,40
60,50
40,40
40,40
40,40
80,50
45,45
40,40
40,40
37,40
40,20
67,40
60,40
60,40
20,40
45,12
40,40
40,40
40,40
42,40
40,40
45,40
35,40
25,25
40,40
40,60
40,40
40,40
52,40
20,20
15,40
40,40
45,40
40,40
15,40
25,40
40,25
25,40
40,40
40,40
46,60
40,40
50,40
20,40
40,40
40,40
47,40
40,40
40,40
40,40
45,40
10,40
24,40
48,40
40,40
35,40
50,40
40,40
40,40
40,40
40,40
35,40
40,40
40,40
40,20
56,40
38,40
18,40
40,32
40,40
40,40
40,40
40,40
40,40
50,40
40,40
40,40
40,35
20,15
60,50
40,40
60,50
30,72
40,40
40,40
65,65
50,40
40,40
40,40
40,40
20,40
48,40
50,40
25,40
40,40
40,40
33,28
12,4
50,60
40,40
84,40
40,40
60,40
40,40
45,40
40,40
40,40
40,40
48,40
43,40
38,40
45,40
50,40
40,40
35,40
40,40
45,40
40,40
52,10
45,40
48,50
70,40
16,40
50,40
60,40
40,40
40,40
40,40
40,40
30,40
40,50
40,50
50,40
54,40
40,40
40,40
76,62
36,40
38,40
41,40
40,40
40,40
50,40
40,40
65,50
40,40
40,45
50,50
40,40
40,40
35,40
40,40
40,40
40,40
40,40
99,40
50,40
21,40
45,40
40,40
40,40
20,25
24,40
55,40
40,40
60,50
40,40
20,40
30,40
35,40
36,40
40,40
48,40
40,40
40,40
42,40
7,25
40,40
40,36
50,40
35,30
40,20
45,50
35,30
40,40
40,50
55,48
50,40
50,50
40,40
99,40
45,40
60,50
40,50
40,40
70,40
35,50
20,40
40,40
52,45
10,40
16,40
40,40
48,40
50,60
50,40
45,40
50,65
35,20
35,40
30,20
40,40
40,40
40,40
25,40
25,50
40,40
35,40
40,45
30,40
60,40
40,40
40,40
17,12
55,50
40,40
40,45
40,40
20,40
40,40
40,60
40,40
45,70
39,40
24,13
40,40
50,60
40,40
60,40
30,15
42,40
8,40
60,40
20,35
40,40
40,40
40,40
24,6
45,35
40,50
40,40
40,40
56,50
50,40
40,40
32,40
45,60
45,50
40,8
23,40
40,40
50,40
56,60
45,60
40,40
40,50
30,40
56,40
45,40
35,40
40,40
35,40
50,35
40,50
38,50
60,20
40,40
50,40
49,40
30,40
40,40
16,40
2,40
40,40
40,40
40,35
40,40
40,40
45,40
40,40
40,40
40,52
25,30
40,30
35,20
40,40
58,40
40,40
40,40
40,40
38,40
12,40
40,40
50,55
40,40
40,50
25,30
50,30
40,40
40,40
70,60
40,40
45,40
40,40
40,40
40,40
50,40
40,40
40,40
25,40
30,60
40,40
50,40
40,40
55,40
40,50
40,45
40,40
60,32
40,40
55,40
40,40
26,20
40,40
40,40
45,40
15,40
34,40
40,40
40,40
20,35
40,40
20,40
35,40
40,50
50,40
50,40
12,40
50,40
46,40
40,50
40,50
40,40
40,40
45,40
40,40
40,40
50,45
40,40
40,40
48,45
40,40
40,40
40,40
45,40
40,40
35,20
40,40
25,40
40,40
50,45
40,40
30,20
40,40
8,45
40,50
40,40
60,50
40,40
60,45
40,40
40,70
48,40
50,40
12,25
60,50
50,40
40,48
40,50
50,45
15,40
40,40
50,40
40,40
50,50
40,40
40,12
40,40
45,40
30,40
40,40
15,40
40,40
50,40
45,40
60,60
40,40
40,20
40,40
40,40
50,40
40,40
40,40
50,45
60,40
4,40
45,40
40,40
40,40
7,16
40,40
50,40
40,40
40,50
40,40
40,40
40,40
20,40
35,40
30,40
40,40
40,40
40,20
40,50
40,50
40,40
40,40
60,40
30,40
40,40
40,40
40,45
20,40
50,40
45,40
10,40
40,40
40,40
48,40
35,40
15,35
40,40
60,60
40,40
40,44
40,40
40,40
40,40
40,40
50,40
40,40
15,40
50,40
40,40
40,40
60,60
40,40
40,40
35,40
40,40
40,40
40,40
2,40
45,50
40,40
40,40
50,40
45,45
40,40
35,40
50,60
60,40
38,48
36,35
40,40
30,40
30,40
17,40
40,40
38,55
38,40
60,60
45,42
55,40
50,40
40,40
30,40
40,20
43,50
23,40
40,40
40,40
24,40
40,40
40,40
40,44
40,40
51,40
17,40
40,40
40,40
40,40
50,40
24,40
45,40
15,40
25,40
60,40
50,50
55,40
45,40
42,40
38,40
36,36
50,50
40,40
42,40
50,40
35,40
35,40
40,40
78,50
30,40
60,40
20,20
10,15
45,40
40,40
40,40
40,40
48,40
40,40
40,40
40,40
40,70
80,40
70,40
63,50
40,70
28,40
72,40
40,8
40,40
25,40
60,40
40,40
25,35
35,54
28,23
40,40
40,40
20,25
10,40
40,40
40,40
60,40
40,40
36,40
40,40
32,15
40,55
35,40
50,40
40,40
40,40
55,30
40,40
40,40
40,20
40,40
40,40
22,40
15,20
25,40
40,40
40,40
32,40
40,20
40,40
40,40
50,50
40,40
60,35
40,40
6,40
40,40
40,40
40,40
40,40
55,40
40,40
40,40
42,40
40,40
40,40
40,40
40,40
38,40
45,40
40,40
40,40
40,40
40,40
40,45
60,40
55,40
50,55
30,30
40,40
40,40
40,40
40,40
40,24
25,30
50,40
25,40
50,40
20,40
40,40
40,40
60,40
60,40
20,20
40,40
60,40
40,40
45,40
40,40
40,40
30,40
5,40
40,20
40,40
42,40
50,40
40,40
40,15
40,40
40,40
40,40
35,40
20,20
23,40
20,40
45,40
35,40
50,40
40,40
40,40
40,40
16,8
40,40
55,40
40,40
20,36
40,40
40,40
35,40
40,40
30,40
10,40
40,20
40,40
40,40
40,40
30,8
60,40
30,40
37,52
40,40
45,40
30,35
40,40
99,40
40,50
40,40
35,40
40,40
50,40
45,40
50,40
50,50
40,40
45,20
15,30
40,40
20,40
45,40
37,40
40,40
70,50
50,47
36,36
84,84
40,40
65,60
40,40
40,40
30,25
70,40
50,40
40,40
40,40
50,40
58,40
15,40
40,40
10,40
45,40
40,40
40,40
40,40
40,30
40,60
40,40
70,40
60,50
40,35
40,40
40,40
18,40
40,40
42,40
40,45
30,40
40,40
40,40
40,40
40,50
40,40
60,50
40,40
50,40
48,40
35,40
40,40
52,40
60,40
40,40
42,40
60,40
40,40
20,40
60,40
40,40
40,40
30,40
50,50
40,40
35,40
40,40
70,40
45,55
36,40
40,40
40,40
40,40
15,7
40,40
35,40
40,50
40,40
28,35
40,60
40,40
25,40
38,40
80,28
70,40
45,50
60,40
55,40
40,40
40,40
5,20
40,40
40,40
25,8
40,40
55,40
45,60
60,45
40,40
40,40
40,40
40,40
40,40
65,40
50,40
40,50
60,40
45,40
40,20
55,40
40,60
40,40
40,40
40,40
20,20
20,40
50,40
40,40
45,40
40,40
14,35
40,40
60,40
35,40
39,40
40,40
40,50
43,28
40,40
55,16
38,40
25,30
40,40
40,40
38,40
40,40
20,40
40,40
48,40
25,40
50,40
60,40
38,40
30,30
3,40
40,40
5,40
50,55
40,50
40,40
50,40
44,40
40,45
32,40
40,40
30,40
16,40
21,40
36,40
40,45
40,40
50,40
40,40
40,40
52,60
34,40
40,40
40,40
8,36
40,40
38,40
40,60
15,40
40,40
20,60
60,40
40,40
50,20
40,40
40,40
35,40
40,40
46,40
40,40
40,60
35,40
55,50
80,80
40,40
40,40
55,40
20,50
40,40
40,40
20,20
35,40
70,60
35,40
15,20
40,48
40,40
42,40
40,40
40,10
40,40
40,40
40,40
40,40
60,40
50,40
40,40
35,40
24,40
15,20
52,40
50,40
30,22
40,48
35,40
28,40
40,40
50,40
50,50
35,40
50,40
44,30
40,40
40,40
50,40
40,48
45,40
40,40
38,40
50,40
40,40
40,40
50,55
20,40
48,40
40,40
40,40
40,40
40,40
30,30
50,40
20,40
35,40
37,40
40,40
40,15
50,25
40,40
40,40
40,40
40,40
40,40
40,40
40,40
36,40
50,40
40,40
40,40
23,30
50,40
50,45
38,40
45,40
45,40
40,40
40,60
40,40
40,40
40,40
45,40
30,40
40,40
40,50
40,40
40,40
40,40
40,40
40,40
56,40
52,40
60,20
50,50
72,40
40,40
32,52
40,40
60,40
40,40
40,40
40,40
25,40
40,40
35,40
45,40
40,40
40,40
50,40
40,40
60,60
45,40
56,36
25,8
33,30
40,40
40,40
40,40
40,40
60,40
40,40
60,50
80,40
40,40
40,40
35,40
40,40
35,40
40,50
37,40
32,40
45,40
40,50
40,40
40,40
50,40
50,40
40,40
25,40
50,40
30,40
40,40
65,35
40,50
40,40
40,40
45,40
34,40
45,40
40,38
31,10
60,40
16,40
40,30
65,50
50,40
50,40
40,50
12,40
40,40
80,40
40,40
35,40
70,40
40,40
10,40
40,40
20,40
20,40
35,40
70,75
40,40
40,40
56,40
40,40
40,40
40,40
40,40
30,15
24,40
70,40
40,40
40,20
40,40
42,40
40,38
45,40
65,40
40,40
40,40
20,25
30,60
50,40
55,40
44,40
48,40
15,24
40,40
40,40
48,25
45,40
45,45
40,40
20,40
72,40
40,40
40,40
40,40
40,40
42,40
15,20
50,40
40,40
40,40
40,40
40,40
8,40
40,40
25,40
55,60
40,40
40,40
40,40
39,48
45,40
48,40
99,40
45,40
32,40
20,40
40,45
20,36
40,40
30,20
25,40
60,40
60,40
92,40
40,40
46,35
20,27
10,30
40,90
40,40
20,8
40,40
40,55
8,50
25,40
45,40
50,40
50,50
40,40
10,15
40,40
40,49
40,40
50,55
40,40
30,40
38,40
40,40
43,40
40,20
40,40
24,40
30,40
25,40
40,40
50,40
8,40
40,40
50,40
18,50
8,40
38,40
44,40
40,40
40,50
40,40
40,40
42,40
45,40
15,40
40,40
40,40
40,40
40,40
40,55
60,60
40,30
40,40
35,35
20,40
36,40
20,40
40,40
40,40
40,40
40,40
40,25
45,50
40,40
40,45
20,16
45,40
40,40
40,40
30,25
30,40
40,35
40,40
40,40
45,60
35,40
40,60
50,60
40,40
40,40
45,40
31,60
40,40
12,20
40,40
3,40
42,20
40,40
38,40
40,40
40,40
40,40
40,50
50,40
35,60
50,40
40,40
18,40
50,50
60,40
40,40
40,40
80,40
40,40
40,40
25,40
45,60
40,40
40,40
40,40
40,40
50,45
40,40
40,40
45,40
40,40
40,40
60,50
40,40
50,50
40,40
40,40
40,40
60,40
84,40
40,40
50,50
46,40
50,40
40,40
50,60
40,40
40,40
40,40
40,56
45,40
40,40
40,40
40,45
21,8
35,40
50,40
50,40
40,40
48,40
50,40
40,40
40,45
45,40
50,40
40,40
44,40
40,40
40,40
45,40
40,40
55,40
40,40
50,55
15,20
45,60
40,40
50,60
50,40
40,40
40,40
20,40
40,40
40,20
37,40
25,40
40,40
50,40
47,40
30,40
40,40
40,40
40,40
60,40
45,40
20,40
55,40
40,40
40,40
65,50
60,40
30,40
50,50
43,40
55,40
6,40
35,30
40,40
25,40
40,40
40,40
40,40
40,40
60,40
40,40
30,35
40,40
48,40
35,40
20,40
40,38
60,50
55,40
60,55
40,40
40,40
70,40
43,45
40,40
45,40
45,40
40,40
40,20
50,50
35,40
45,40
40,40
40,40
40,40
50,40
35,40
38,20
12,20
40,40
70,45
40,40
40,40
50,40
40,55
35,40
30,40
10,20
40,60
55,40
60,40
20,40
40,40
30,40
45,40
25,20
50,40
50,40
40,40
40,40
40,40
40,50
40,40
50,40
40,40
45,40
50,30
35,25
40,40
40,45
20,40
55,40
60,50
40,40
40,40
40,40
37,40
40,40
40,45
40,40
40,40
35,40
45,45
40,40
40,40
15,23
40,40
7,40
40,40
36,40
38,40
40,40
42,40
50,45
40,40
50,40
35,35
40,40
40,40
40,40
38,40
40,40
30,10
45,40
40,40
40,40
30,40
8,40
40,50
40,25
40,40
77,40
99,40
20,60
45,40
40,50
27,40
40,40
37,40
36,40
40,40
10,40
40,40
20,40
40,40
40,40
32,24
44,40
25,20
60,45
8,20
40,50
45,40
53,40
40,45
40,13
40,40
40,40
40,40
40,40
50,40
50,40
40,40
50,60
40,40
60,55
40,40
50,40
52,40
40,40
40,40
20,40
24,25
30,15
10,50
40,60
40,40
60,60
50,56
60,40
30,40
45,40
38,40
29,40
38,40
45,40
40,40
40,40
40,40
5,20
40,40
34,40
40,40
47,40
45,50
20,40
25,25
38,40
50,30
40,40
35,55
38,40
40,40
35,20
48,50
40,40
40,40
40,40
40,40
45,40
50,40
35,40
70,40
40,40
50,40
55,44
50,40
80,40
60,40
40,40
40,40
35,50
35,40
40,40
25,30
40,40
40,40
40,40
40,40
60,40
35,40
40,40
40,36
40,40
60,40
40,40
50,40
32,40
5,40
40,45
40,40
40,60
35,16
40,40
40,40
45,40
32,60
10,40
40,40
55,55
40,40
30,40
50,48
20,40
30,8
40,72
40,25
40,40
35,40
70,40
40,40
40,40
16,10
40,40
40,45
50,40
45,40
10,40
40,40
60,40
52,40
40,30
37,36
40,40
44,18
40,40
15,40
40,40
25,40
12,25
60,40
40,40
40,50
40,40
39,40
40,55
18,30
20,40
40,40
48,40
12,24
15,40
40,50
40,40
50,50
40,40
50,40
40,40
40,40
50,45
40,40
20,20
38,40
37,40
20,40
40,40
50,40
40,40
32,20
50,40
50,40
40,60
40,40
32,40
40,40
35,40
60,40
40,40
43,40
40,40
40,60
45,50
50,40
60,60
35,16
52,40
56,40
38,40
40,40
40,40
45,38
60,70
50,50
32,25
55,40
48,44
40,40
40,40
40,40
40,40
40,40
55,40
40,40
50,40
84,40
40,40
35,40
48,48
40,40
30,35
40,40
35,40
35,40
12,15
40,40
40,10
20,40
25,20
50,40
40,40
50,40
32,40
40,60
24,40
28,40
50,40
50,40
85,85
60,45
20,40
40,40
40,40
40,40
48,35
36,40
60,40
48,40
40,40
40,40
40,40
40,40
50,40
53,40
45,40
75,40
40,40
8,30
60,40
50,40
40,40
40,40
16,13
50,40
35,40
20,40
1,50
40,40
60,40
35,40
47,40
30,40
40,40
50,40
35,40
40,40
40,40
45,40
20,40
40,40
4,40
50,60
50,50
40,40
40,60
20,40
20,40
50,40
40,50
50,40
40,40
35,40
60,45
50,50
40,40
40,10
45,40
6,40
40,40
40,40
40,40
99,40
55,40
24,30
40,40
60,50
50,50
40,40
35,40
40,40
40,40
50,50
50,50
40,40
8,40
40,40
40,40
60,40
42,40
40,45
35,40
30,20
40,40
25,40
44,40
50,40
40,40
40,30
40,40
40,40
30,32
60,50
40,40
55,50
37,40
23,40
5,20
35,40
40,40
52,40
35,40
40,40
40,40
8,50
40,50
20,40
40,24
40,40
35,40
40,40
20,40
40,30
40,40
30,40
40,40
37,40
40,40
32,40
40,50
40,40
60,50
40,40
40,40
40,40
40,40
35,40
40,40
35,45
40,15
40,40
30,40
10,40
45,40
38,40
40,40
40,40
40,40
50,40
40,40
45,40
40,40
50,40
40,40
30,40
20,70
40,40
15,25
72,40
21,40
45,40
50,40
40,40
42,40
65,40
50,45
60,55
25,20
35,40
45,40
40,40
40,40
40,40
43,40
40,40
60,70
45,32
60,40
42,40
40,40
40,40
20,30
40,40
40,40
40,40
36,40
35,40
35,40
30,35
45,40
40,40
40,40
45,40
40,40
40,40
40,40
40,40
40,40
40,48
40,35
70,40
50,50
40,40
4,30
40,40
25,20
40,40
40,40
40,40
75,40
35,50
40,40
60,40
45,55
40,40
45,40
40,40
40,40
25,40
40,40
35,40
40,40
45,40
40,40
40,52
30,40
25,40
35,40
45,50
38,40
50,5
43,40
40,40
50,40
60,40
40,40
40,40
40,40
55,40
40,40
40,48
25,40
40,40
30,40
50,60
50,40
40,48
2,40
40,40
25,20
40,35
20,40
45,40
44,40
50,40
48,40
40,40
30,40
45,40
40,50
45,40
40,40
50,40
10,40
35,25
40,45
35,40
40,40
40,40
35,40
40,40
40,40
20,40
20,15
45,40
30,40
42,40
20,25
37,40
40,40
35,40
40,40
40,40
60,50
30,20
40,40
60,50
40,40
65,40
60,40
40,40
20,40
40,40
55,50
45,40
40,40
40,40
32,8
50,45
40,40
70,40
40,40
7,40
18,35
45,40
35,40
45,40
20,10
40,40
40,15
44,40
45,60
40,40
40,40
40,40
40,40
13,40
70,50
38,40
50,40
24,40
10,40
40,40
40,40
50,40
65,40
40,40
60,60
40,40
40,40
15,24
40,50
29,40
48,40
40,40
60,50
40,40
40,40
40,40
10,10
40,40
20,40
25,50
30,40
50,40
84,40
50,40
40,40
45,40
40,40
40,40
40,68
40,40
24,40
50,40
15,25
30,40
45,40
20,40
38,40
40,40
40,40
40,40
40,40
32,40
52,40
40,40
32,40
26,38
40,40
45,45
30,50
14,40
40,40
50,40
35,40
40,40
10,40
56,40
40,40
45,40
20,40
40,40
55,40
36,40
40,40
40,35
35,40
40,40
40,40
43,55
30,40
40,40
40,40
40,10
40,40
5,40
20,40
30,40
40,40
40,40
80,48
8,40
32,40
40,40
40,40
50,40
42,40
40,40
40,60
35,40
50,40
99,40
40,40
40,40
40,40
40,40
40,40
40,40
16,40
44,40
30,40
75,60
43,40
25,40
35,40
40,40
40,40
40,11
40,40
60,40
40,40
15,35
6,45
40,40
20,45
25,20
44,40
45,40
40,40
20,5
25,30
40,40
40,40
40,40
40,40
45,40
35,40
19,40
35,40
40,40
70,40
98,40
52,40
30,99
40,38
40,40
37,40
55,40
42,40
40,40
40,40
20,40
40,40
45,50
8,40
50,40
45,40
50,40
20,37
40,40
60,40
40,50
40,40
20,40
55,40
40,40
60,40
10,38
45,45
40,40
50,56
45,40
50,40
40,40
40,40
40,40
40,40
40,40
15,20
35,40
40,40
60,40
40,40
40,40
30,40
50,40
55,40
45,50
40,40
25,40
18,40
45,40
80,40
20,20
40,40
55,40
50,40
43,40
35,40
10,10
40,40
38,10
55,55
40,40
35,40
42,40
40,35
84,72
20,40
30,40
47,40
40,40
50,43
55,90
6,25
40,40
40,35
40,40
40,38
50,50
40,8
40,40
55,60
40,40
10,12
65,50
45,40
43,40
35,40
40,40
45,40
60,45
15,40
40,40
60,40
55,40
60,40
35,40
40,40
20,40
40,40
77,20
35,40
10,40
40,50
32,50
70,40
40,40
20,40
40,40
40,18
40,40
20,40
40,40
48,40
40,40
40,43
45,40
40,40
25,40
50,40
44,40
75,40
30,40
40,50
62,40
45,40
16,40
40,40
40,40
50,45
5,40
55,40
18,20
52,40
20,40
45,40
40,40
30,40
40,40
45,40
24,40
40,40
96,40
40,50
40,40
45,40
40,40
32,40
40,40
30,56
40,40
60,40
60,50
40,40
40,40
40,40
40,40
40,40
40,40
37,40
50,40
50,45
44,40
8,10
38,40
40,40
40,40
99,40
40,70
45,40
50,38
45,50
48,40
50,50
40,40
20,40
50,50
40,45
30,40
16,40
70,40
18,40
60,40
50,40
40,40
20,40
30,40
40,40
16,40
10,25
50,40
40,40
35,40
50,40
45,40
40,40
15,40
72,40
40,40
50,40
45,50
40,45
25,16
40,40
40,40
51,40
42,40
40,40
65,50
20,40
20,22
40,40
35,40
40,50
65,40
60,50
30,20
45,40
35,20
40,40
34,40
50,4
30,40
23,40
40,40
52,40
20,25
15,1
24,40
65,40
40,40
40,40
40,40
60,50
40,40
40,40
50,40
40,40
40,40
32,12
35,35
40,40
40,40
50,40
20,40
25,15
40,40
60,40
40,40
70,45
42,40
40,40
40,50
75,40
70,40
40,40
40,40
50,40
37,40
38,40
70,40
40,40
40,40
50,40
40,40
50,55
40,40
4,20
40,40
80,40
44,40
30,40
30,30
30,40
40,50
30,33
55,50
40,60
25,40
40,40
60,40
40,40
90,40
20,40
50,40
35,40
40,50
40,40
50,50
50,40
60,20
35,40
20,40
40,40
60,65
40,40
45,55
50,40
40,40
40,40
50,40
40,40
45,40
20,40
55,40
4,30
40,40
40,45
50,40
40,40
60,50
40,45
35,25
40,40
40,38
40,40
40,40
40,40
42,40
47,40
40,40
40,40
42,40
50,50
40,40
40,40
40,40
40,40
40,40
40,40
35,50
40,40
15,37
40,40
50,65
72,40
40,40
40,40
40,40
40,40
40,40
40,40
40,40
50,30
20,40
37,40
40,40
40,40
20,32
40,40
40,40
40,30
78,40
35,10
40,60
40,40
60,45
40,50
50,40
50,40
23,40
40,40
44,40
35,40
50,40
50,50
20,40
70,40
36,40
55,40
40,40
40,40
40,40
30,50
45,40
60,40
37,40
45,40
40,40
25,45
45,40
30,40
40,40
30,40
8,40
40,35
40,40
40,40
50,40
40,40
84,40
40,40
48,40
40,40
40,40
50,50
40,40
66,40
40,40
40,40
40,98
50,40
45,40
35,40
40,40
40,40
8,20
20,40
40,40
50,40
40,40
40,40
10,40
48,40
35,40
40,40
40,40
40,40
45,40
46,40
55,40
45,40
30,20
16,40
57,40
40,36
60,40
14,40
40,40
60,40
50,40
18,40
40,40
40,40
30,40
40,40
30,30
40,40
40,40
48,40
50,40
40,40
30,10
45,40
36,40
70,60
50,45
40,40
60,40
40,60
40,40
40,60
40,40
15,40
21,40
20,40
40,40
60,43
40,50
40,50
40,40
60,40
40,40
40,60
25,40
50,40
65,40
15,40
40,40
35,40
40,40
40,40
40,40
42,40
40,45
50,60
22,6
30,35
30,40
40,40
30,40
35,20
40,50
40,40
45,45
40,40
40,16
40,40
45,40
40,40
40,40
40,40
40,45
45,40
40,40
40,50
50,40
40,40
40,40
40,40
40,43
50,40
50,40
60,40
40,40
50,40
40,40
48,40
65,40
40,40
30,40
40,40
50,40
45,40
40,40
40,40
40,65
40,45
40,40
38,40
30,40
40,40
45,40
40,40
40,40
40,40
60,50
40,40
40,45
40,40
25,45
40,40
80,50
25,40
40,40
90,50
40,40
45,50
8,40
40,32
40,40
45,40
40,40
50,40
38,40
40,40
55,50
40,40
28,40
40,65
45,20
60,40
15,35
50,40
40,40
70,60
25,40
32,40
45,40
32,40
40,40
60,40
40,40
12,20
40,40
44,40
50,40
40,40
20,40
30,40
40,40
35,45
50,40
36,40
40,40
50,40
25,16
20,24
40,40
40,50
15,40
30,40
40,40
40,50
25,20
80,25
40,40
40,60
40,40
40,51
35,40
40,40
25,20
40,28
40,40
40,40
25,25
40,40
30,30
8,40
21,40
11,40
40,25
45,40
45,40
35,40
40,40
40,40
40,40
40,33
40,40
40,40
25,15
40,40
20,30
40,40
86,40
40,40
40,40
26,40
40,40
40,40
65,68
40,40
40,40
30,37
40,40
40,40
60,30
40,40
44,36
40,40
30,40
40,40
40,40
35,40
38,25
50,40
50,40
40,40
30,50
40,40
55,40
80,60
40,40
40,40
38,40
43,40
60,40
40,40
40,40
37,40
18,40
40,40
50,40
40,40
35,15
40,40
40,40
50,60
15,20
40,40
44,40
4,25
75,40
40,50
50,70
40,40
40,40
37,35
40,40
40,45
40,40
32,40
40,15
36,40
25,40
25,40
40,40
40,40
40,50
15,40
35,40
30,40
72,40
40,40
40,50
20,40
50,40
40,45
40,40
40,40
50,40
40,40
48,40
40,40
40,40
50,40
40,40
60,40
40,40
35,30
45,40
10,12
40,40
40,40
35,40
40,40
40,40
50,50
65,50
40,40
40,40
45,50
40,40
36,45
36,40
35,40
20,20
40,40
45,40
40,40
40,40
45,40
49,40
40,40
60,40
40,50
38,40
40,40
37,40
35,20
40,40
40,40
45,38
60,40
40,45
45,55
40,40
8,40
50,45
40,20
45,40
45,40
55,40
40,40
55,10
35,40
45,40
55,40
40,20
40,52
40,40
40,40
70,60
40,40
50,40
50,40
40,40
40,40
40,40
12,20
60,60
40,40
44,40
24,40
48,40
40,40
40,40
35,40
40,60
20,15
50,50
43,60
11,16
40,40
40,40
40,35
40,45
40,40
40,40
48,40
40,35
15,40
40,40
40,40
40,60
30,30
40,40
40,40
40,40
56,50
35,36
40,40
40,40
40,40
44,40
38,40
43,40
38,60
30,10
22,30
40,60
40,55
40,40
40,43
59,40
40,40
40,40
60,50
40,40
40,40
4,40
25,8
40,40
45,70
25,40
60,50
18,40
40,60
20,15
40,40
40,40
32,50
60,50
20,40
60,40
40,40
40,40
40,40
10,70
40,40
50,40
40,40
45,50
37,40
40,40
55,40
40,40
40,40
10,40
40,40
16,40
40,40
14,20
40,40
65,40
50,40
30,37
30,40
9,25
40,20
40,40
50,40
40,40
40,43
40,40
20,40
40,50
50,25
40,40
40,40
40,40
45,40
40,40
50,60
40,20
40,40
40,40
40,50
60,40
25,40
60,56
72,70
40,40
45,40
40,40
40,40
40,40
40,40
40,40
40,40
40,40
40,40
40,55
35,40
30,40
40,40
40,18
40,40
40,40
50,50
46,60
16,40
40,40
38,40
45,55
50,40
45,40
40,25
35,35
40,40
40,40
40,40
60,70
50,40
40,40
40,40
30,40
30,40
40,40
40,40
35,55
55,40
35,50
84,40
40,35
50,40
36,40
50,40
40,40
40,40
45,40
5,10
30,25
45,40
40,40
30,2
55,65
40,40
40,40
40,40
80,40
25,40
40,50
35,40
40,24
40,40
18,50
40,40
25,40
50,40
60,40
10,40
30,40
48,50
60,50
15,35
40,40
55,40
40,40
70,45
99,40
45,40
40,40
40,40
40,40
40,40
70,55
40,40
40,40
40,40
40,40
40,48
40,40
40,40
20,40
36,40
50,45
40,40
50,50
27,40
43,40
16,30
40,40
40,40
40,40
40,40
50,40
40,40
70,40
40,40
25,40
40,40
40,40
40,40
40,48
28,40
30,40
40,40
65,50
40,40
40,40
40,40
50,45
60,60
40,40
35,40
45,60
40,40
40,60
60,65
40,40
40,40
40,40
20,40
20,35
25,40
40,40
40,40
50,40
20,40
40,40
30,20
43,40
40,40
40,40
24,40
40,40
50,55
70,40
40,40
30,40
72,40
8,40
40,40
40,46
40,40
40,30
48,40
16,30
35,11
48,40
65,55
40,40
35,40
25,30
40,40
16,40
40,40
20,20
5,40
45,40
40,40
40,40
50,40
40,40
40,40
40,40
40,40
40,40
40,40
40,40
50,40
50,45
30,40
40,40
30,50
40,50
16,30
50,50
35,40
40,40
10,15
50,50
50,40
40,40
40,40
70,40
40,44
40,40
40,40
48,40
40,40
40,35
40,40
50,50
40,40
26,40
40,40
40,60
50,50
20,15
47,40
40,45
14,70
50,40
35,40
50,40
50,60
45,40
53,40
40,40
60,40
40,40
40,40
55,40
40,65
50,40
45,40
20,40
36,40
45,40
60,50
35,45
40,40
40,30
50,45
42,40
40,40
60,40
40,40
35,40
40,40
40,40
40,40
70,40
40,40
43,50
32,40
40,40
40,40
50,40
50,40
43,40
40,20
40,40
30,25
40,40
48,40
60,40
50,40
40,50
40,40
20,40
48,50
40,40
20,40
40,60
35,26
42,40
50,40
36,40
40,40
60,20
40,40
40,45
40,40
40,35
48,40
40,40
40,20
55,40
40,40
45,40
40,80
28,40
40,40
40,40
40,40
15,40
40,40
18,20
40,40
40,40
50,15
32,40
20,40
40,40
40,40
30,38
35,40
40,40
40,38
8,40
40,60
50,30
35,40
55,40
35,40
15,25
50,40
40,40
40,40
35,40
35,40
43,40
50,40
40,40
18,40
36,40
30,40
28,40
40,40
66,40
40,40
50,40
40,40
40,40
50,40
8,8
40,40
50,40
44,35
50,40
50,40
40,40
40,52
40,40
45,40
48,40
25,30
45,40
14,40
40,40
80,40
40,40
30,50
40,40
16,30
40,40
40,40
48,48
40,40
40,40
40,40
40,40
20,25
50,20
55,40
56,40
40,40
50,40
39,40
40,40
40,40
40,40
40,40
40,40
50,40
40,40
40,40
40,40
45,60
75,50
40,40
50,35
40,35
45,40
10,35
40,40
30,25
40,40
40,25
60,40
25,40
30,30
40,40
10,40
35,40
40,40
6,40
40,30
40,40
36,40
40,40
40,35
40,40
55,50
40,40
40,40
40,40
40,50
45,40
32,40
40,40
40,40
66,40
45,40
20,40
20,40
40,40
20,15
40,40
40,40
60,40
20,25
40,40
12,40
48,40
60,40
20,16
40,40
40,40
50,40
40,50
36,40
37,40
5,40
40,40
40,40
50,50
10,20
40,40
15,40
24,40
18,40
40,40
40,40
40,40
40,40
40,40
40,40
35,40
40,40
40,40
50,40
24,30
40,40
40,40
42,40
40,40
40,40
45,40
40,40
40,36
40,40
40,45
40,45
35,40
40,40
40,40
40,40
40,40
40,40
45,40
50,40
40,40
40,40
32,40
40,40
40,40
50,40
40,40
40,40
45,40
50,40
40,40
48,40
40,40
40,40
58,75
25,35
60,40
12,40
40,40
40,40
40,40
50,40
25,40
40,40
30,40
40,40
20,50
9,40
40,40
44,40
47,40
40,72
50,60
15,40
85,50
40,40
48,40
40,40
30,40
45,35
40,40
40,55
50,40
40,40
40,40
40,40
40,40
24,40
6,12
55,50
55,30
32,40
40,40
45,40
40,40
40,60
40,40
40,40
46,61
40,45
40,40
40,40
40,40
40,40
55,45
50,40
20,40
35,40
18,15
40,40
15,40
45,40
20,40
45,50
25,16
42,60
40,40
24,40
40,40
24,25
45,40
60,40
40,40
40,40
15,40
35,35
45,40
20,40
52,50
40,48
40,40
35,40
40,40
40,40
50,40
40,40
40,40
38,50
50,40
53,40
40,40
12,30
15,40
40,40
40,40
35,45
50,60
48,40
50,40
23,12
40,60
20,40
4,5
40,40
16,40
40,40
40,40
40,60
40,40
40,40
40,40
40,40
40,40
65,40
55,40
40,40
40,40
40,40
40,45
40,40
30,45
40,40
40,40
70,40
32,40
50,44
40,40
40,40
40,40
40,40
70,40
45,25
40,40
40,40
40,40
50,40
40,40
40,40
56,40
24,22
40,40
30,36
40,50
60,45
40,40
20,40
29,40
40,40
45,40
40,36
12,24
38,40
40,40
40,40
40,38
40,40
40,40
56,40
20,40
40,40
50,40
40,40
32,40
40,40
20,20
50,40
80,45
40,40
25,40
38,40
40,55
20,40
40,40
50,40
60,50
40,40
45,50
10,40
40,45
40,40
42,40
40,40
8,40
40,40
40,40
40,40
40,40
50,40
60,40
29,40
40,40
40,40
40,40
45,40
40,40
30,40
40,40
50,84
50,50
60,40
35,40
40,20
43,40
52,40
12,12
40,40
40,40
16,15
30,20
80,40
40,40
40,40
38,40
40,40
50,40
40,40
40,40
40,40
40,40
48,40
50,50
38,40
40,20
40,36
20,40
45,40
35,40
60,40
16,40
30,40
40,40
40,40
50,60
40,40
48,40
45,45
40,40
25,30
50,40
40,50
40,40
40,40
37,40
24,40
25,40
40,40
40,40
40,40
40,40
42,40
40,40
30,20
40,50
40,40
65,50
40,37
40,40
45,50
35,6
40,40
48,40
30,40
35,50
40,40
25,24
60,40
40,40
40,40
32,40
40,40
35,40
40,40
40,40
40,40
40,40
60,50
48,60
40,40
36,20
40,40
50,40
60,40
40,40
35,40
50,40
40,50
45,40
40,40
6,40
50,40
20,40
40,45
40,40
45,60
40,40
36,40
50,40
25,40
55,40
40,40
45,40
48,40
40,40
40,40
25,35
20,40
35,40
38,40
40,50
30,40
20,40
45,40
40,40
50,50
40,40
50,40
40,40
38,30
35,40
40,40
45,40
16,45
45,40
50,40
40,40
40,40
40,40
20,3
35,40
40,40
40,40
8,40
33,40
20,40
30,40
39,40
14,20
38,40
55,40
40,50
45,40
60,40
8,13
38,40
10,15
40,40
40,40
60,40
20,40
48,40
40,40
40,40
40,40
40,40
40,40
40,50
40,40
40,40
40,40
40,40
25,40
50,40
39,45
35,40
42,40
60,40
50,15
24,20
70,45
40,40
40,50
8,40
36,40
40,40
50,50
50,65
65,40
20,35
40,40
34,20
75,40
40,40
40,40
40,40
40,40
40,40
15,12
40,40
40,40
40,70
20,40
40,43
43,40
40,40
10,25
40,40
40,40
51,40
50,20
50,40
30,40
40,40
40,50
46,40
35,40
35,20
40,40
30,40
40,40
45,40
25,40
40,40
40,40
40,40
60,40
40,40
40,40
60,40
35,40
42,40
15,20
40,40
40,40
5,40
45,40
50,40
40,35
40,40
65,40
18,23
45,40
40,50
15,40
55,40
80,40
40,40
50,40
40,40
40,40
45,40
40,40
40,20
45,40
38,40
25,40
45,40
50,40
40,40
10,25
40,40
20,40
55,45
40,40
40,40
40,32
40,40
50,50
40,40
40,40
28,40
45,40
40,40
40,40
50,65
40,24
40,44
40,50
40,40
15,48
40,40
80,40
50,40
40,40
22,12
55,40
40,40
40,40
40,40
35,40
40,40
35,40
35,50
60,40
50,40
63,40
30,40
55,40
60,40
40,40
55,45
35,43
40,40
20,20
27,40
25,20
40,40
3,40
40,40
40,40
55,20
40,40
40,40
60,50
20,40
55,48
40,40
40,60
40,40
40,40
50,50
2,40
50,60
20,20
40,40
20,40
40,40
40,40
32,40
30,40
46,40
50,40
38,60
10,40
40,40
6,40
48,45
46,60
50,40
20,53
30,20
40,40
40,40
40,40
40,8
50,40
60,60
40,40
40,35
40,40
40,40
35,40
70,40
32,40
40,40
4,40
32,40
40,40
41,40
40,40
40,40
40,40
50,50
38,40
35,40
40,40
40,40
40,40
40,40
40,40
35,32
40,40
42,65
60,50
50,40
8,30
37,40
40,40
40,40
40,40
40,40
40,40
40,40
35,40
40,40
50,40
40,20
35,40
60,40
40,40
40,40
60,40
40,18
45,40
40,40
40,40
40,40
60,40
30,25
40,40
45,40
50,40
50,40
60,60
40,52
64,40
52,40
48,40
40,40
50,40
60,40
40,40
50,40
45,50
32,40
55,60
70,40
41,50
50,50
50,40
50,60
48,50
40,40
40,40
80,40
45,40
55,40
40,40
38,40
40,40
43,40
45,40
55,50
40,40
40,40
40,50
45,40
40,22
40,40
40,40
20,10
32,40
40,40
60,40
20,5
43,40
15,40
40,40
36,50
48,35
40,5
45,45
50,40
20,40
40,40
12,46
40,40
35,40
73,40
30,40
40,40
40,40
60,40
40,50
55,50
40,40
58,40
40,40
40,40
42,20
40,40
50,40
50,50
50,40
84,40
70,40
55,40
40,40
15,20
40,40
15,20
15,40
35,40
60,60
40,40
60,40
50,40
50,40
40,40
60,40
45,40
35,40
45,25
99,50
40,40
75,50
40,40
46,40
10,15
33,20
40,40
48,40
65,40
40,40
30,40
40,40
4,40
15,40
50,60
11,15
40,42
40,40
50,50
20,40
80,40
30,40
40,40
40,50
40,40
40,40
48,40
40,40
56,40
40,40
60,60
42,40
40,40
40,40
15,40
50,40
40,40
60,40
40,40
40,50
84,40
40,40
50,40
20,55
40,40
14,40
2,3
40,40
50,40
15,40
40,40
40,40
40,40
40,40
70,99
20,40
25,40
48,40
36,30
40,40
50,40
38,40
50,40
60,60
4,25
40,40
38,38
45,50
20,10
45,40
40,40
40,42
40,40
40,40
20,40
40,40
48,40
24,40
50,40
16,40
21,40
20,15
30,40
20,5
50,40
40,40
30,70
40,40
40,40
40,40
50,40
50,40
20,40
38,40
22,40
40,40
40,45
45,35
10,40
75,40
40,40
45,40
10,50
40,40
40,40
45,55
40,40
50,50
35,40
40,45
40,50
45,70
40,40
40,40
56,40
40,20
40,40
44,40
40,40
40,40
60,40
40,40
30,35
60,50
60,40
42,45
45,55
40,55
60,38
40,40
40,40
55,40
40,40
40,50
40,40
99,40
40,55
60,50
32,40
40,40
40,40
12,20
55,50
35,55
40,40
42,40
40,40
47,40
48,40
40,40
45,40
40,40
40,40
32,40
40,42
40,48
25,35
40,40
48,40
38,40
50,40
40,40
40,32
40,30
17,40
45,60
50,50
40,45
40,50
40,40
40,40
20,45
35,40
40,60
40,35
40,40
50,50
40,40
46,40
56,40
40,40
40,40
40,40
40,40
16,40
40,40
46,40
40,40
20,40
4,16
40,40
20,15
40,40
40,40
40,40
60,40
40,15
43,40
45,40
40,40
52,40
50,40
40,40
38,40
40,40
40,40
40,40
40,40
40,40
40,40
40,40
60,40
40,40
60,40
40,40
45,40
48,53
32,40
55,50
40,40
40,40
40,25
40,40
32,40
40,40
50,40
50,40
30,40
55,45
35,40
50,40
30,20
24,40
28,40
20,40
36,40
40,40
40,40
12,15
35,40
40,40
12,65
20,24
55,50
40,40
40,40
40,40
38,40
30,30
40,40
38,40
30,40
40,40
40,40
40,40
25,40
40,40
50,40
55,40
20,24
40,40
24,30
40,40
50,40
40,40
40,40
40,40
48,40
40,40
40,40
40,40
48,40
27,40
32,40
40,45
46,40
40,40
45,30
40,40
48,8
40,50
40,55
40,40
15,35
40,40
50,40
40,40
40,40
39,40
40,40
30,40
40,40
99,50
50,40
20,40
60,40
40,40
45,40
30,40
40,46
40,40
40,40
40,40
40,40
40,40
20,40
40,40
35,40
40,40
36,40
40,40
50,40
40,40
50,84
16,40
40,30
15,24
45,40
41,40
20,40
32,50
40,40
42,40
40,40
20,40
20,4
40,50
40,40
99,40
40,40
45,40
40,40
15,40
40,50
40,40
40,54
35,40
40,40
40,15
40,40
40,16
40,40
40,40
50,40
20,40
70,20
40,50
40,50
35,40
45,40
40,40
35,35
25,30
50,40
50,40
35,40
40,40
60,40
45,60
40,40
43,40
40,40
50,40
60,35
40,40
40,30
12,35
40,40
30,40
40,40
50,40
40,40
60,45
30,30
15,40
45,40
38,25
45,40
40,10
40,40
45,40
40,40
55,40
40,40
45,40
50,60
40,40
40,40
40,40
40,40
32,40
40,40
40,40
50,50
50,55
45,40
40,40
20,20
40,40
40,40
40,40
40,40
48,40
55,40
45,40
40,40
70,40
30,40
35,35
40,40
40,40
40,40
60,40
40,40
40,40
40,35
40,60
40,50
40,40
20,40
40,20
40,40
10,40
50,40
45,60
40,45
40,40
40,40
50,60
40,40
40,40
50,40
40,40
40,40
40,40
15,40
40,40
40,40
20,23
48,40
55,60
40,40
43,40
40,20
40,40
55,40
32,40
50,40
40,40
40,40
60,50
40,40
40,40
40,40
40,40
38,60
40,25
48,40
40,40
40,40
35,40
40,40
43,40
40,40
30,40
40,40
35,40
60,40
40,40
60,50
50,40
40,40
40,40
10,60
35,20
15,40
45,40
40,40
20,40
40,40
40,40
40,40
40,40
35,40
38,40
60,60
40,40
8,35
40,40
50,40
40,40
45,50
65,40
44,45
40,40
40,40
40,40
40,32
40,48
40,40
40,40
50,40
99,50
60,40
55,60
40,40
30,40
20,30
40,40
40,40
40,40
40,40
90,40
61,40
40,40
40,40
40,40
45,40
40,40
40,40
40,60
40,40
60,80
38,3
35,40
40,40
46,45
40,40
25,40
40,40
35,40
40,40
25,40
42,40
40,15
40,40
60,15
40,40
40,40
20,40
30,40
40,40
40,40
40,40
40,40
40,40
40,35
50,40
40,40
30,23
40,40
40,40
40,40
40,40
37,40
40,40
50,40
50,40
37,40
35,40
45,40
40,40
60,40
50,40
60,60
40,35
50,40
40,40
40,40
50,40
40,40
45,60
10,20
40,40
38,32
50,40
40,40
40,40
40,40
40,40
40,40
10,25
20,40
24,40
40,40
40,40
40,40
40,40
40,40
40,40
40,40
42,40
50,40
50,50
35,40
36,30
48,40
40,40
40,40
30,40
42,40
15,30
20,40
50,40
43,40
40,40
40,40
40,40
40,40
8,40
50,40
45,40
40,40
50,40
5,2
50,40
40,40
55,40
40,40
50,70
40,24
40,40
35,40
60,45
30,20
40,40
30,20
40,40
40,50
48,40
40,40
40,40
10,40
40,40
36,40
40,40
52,40
56,50
40,53
30,40
40,40
40,25
50,40
32,25
38,40
70,50
8,8
55,40
35,40
25,40
40,40
40,40
25,40
60,40
40,40
40,40
40,40
40,40
55,50
30,30
55,40
40,40
40,40
15,40
60,40
60,40
46,40
40,40
47,40
40,40
40,40
40,98
40,40
80,50
40,40
45,40
40,40
40,40
20,40
50,40
40,40
40,40
35,35
20,40
40,40
39,40
35,40
40,40
40,40
40,40
50,60
40,40
16,25
30,20
40,40
20,40
45,50
40,16
55,40
54,40
40,40
40,40
40,40
55,40
10,40
50,40
40,40
75,40
37,40
60,40
50,40
40,70
50,50
55,40
38,40
40,48
20,8
40,40
30,40
40,40
50,50
48,40
40,40
40,40
40,40
50,40
50,40
45,40
20,40
40,40
50,40
45,40
40,40
40,40
50,40
27,40
40,40
20,40
80,40
50,40
96,40
40,40
50,40
40,40
45,50
40,40
40,28
70,55
38,40
40,40
45,50
40,40
40,60
50,40
51,40
40,40
2,40
70,22
50,40
50,45
45,40
40,40
40,40
55,40
40,40
40,40
50,40
40,50
40,40
40,40
40,20
40,40
40,40
38,40
60,60
40,56
30,40
20,40
40,40
27,40
40,50
45,40
40,45
60,39
30,20
84,40
50,50
40,40
32,35
40,40
55,50
40,40
60,40
25,40
45,40
40,40
30,24
55,40
40,40
20,40
40,40
25,21
42,40
40,40
40,27
40,40
40,50
40,60
40,40
15,40
40,40
35,40
16,6
40,40
40,40
40,40
70,40
45,40
48,40
40,72
45,40
60,40
40,40
38,40
20,10
25,40
45,40
40,40
58,40
40,50
40,40
36,20
50,40
50,40
50,40
36,40
45,30
50,40
40,40
60,32
40,40
40,40
16,20
38,40
48,40
50,50
42,40
40,40
38,40
99,40
38,30
40,45
35,40
35,35
50,40
38,40
40,40
35,40
50,40
40,40
35,40
40,60
40,40
40,50
25,20
40,20
18,15
60,40
50,50
40,40
40,40
35,40
40,40
45,40
40,40
40,50
40,40
35,30
40,40
40,40
40,50
25,40
40,40
75,40
40,40
40,40
40,40
10,9
11,40
40,45
40,40
8,5
40,40
24,40
40,40
15,12
40,10
40,52
72,38
45,40
50,40
38,40
99,20
40,40
40,40
45,40
45,40
40,40
50,42
40,40
40,40
40,40
35,40
90,40
45,40
35,40
40,25
8,25
30,70
45,50
45,40
40,20
40,40
45,40
37,40
60,40
40,40
40,40
40,40
40,40
40,40
8,45
35,40
40,40
40,99
40,40
52,40
60,40
18,16
35,35
40,40
40,40
42,40
40,30
40,40
36,40
40,40
40,40
40,40
50,40
40,35
50,60
45,40
36,40
34,40
40,40
40,40
40,40
40,40
40,40
40,50
70,60
40,40
38,40
45,40
40,40
38,40
42,50
40,40
40,40
40,40
40,40
40,40
40,40
40,30
31,40
55,40
16,25
40,40
40,40
37,40
40,40
5,40
40,40
40,40
40,40
40,40
40,40
40,40
35,40
50,40
60,45
50,40
40,40
50,40
25,40
48,50
16,40
40,40
40,40
45,45
40,40
20,20
40,40
40,40
65,40
60,72
40,40
35,40
25,40
40,40
40,40
42,40
40,50
40,45
60,60
60,40
40,40
50,40
40,15
50,40
50,40
40,40
40,40
18,6
50,40
40,40
50,60
60,50
60,40
15,40
40,40
40,45
60,40
25,12
40,40
40,40
40,40
40,40
40,50
55,45
35,40
37,40
10,40
64,40
40,40
40,60
40,40
50,60
40,40
40,40
40,40
12,30
40,40
50,86
50,65
40,40
40,40
38,40
40,40
25,25
40,40
30,40
50,40
45,40
50,50
40,40
15,40
40,40
37,28
40,40
40,40
40,40
40,38
15,40
30,40
40,40
40,60
25,35
40,70
65,50
20,50
50,50
50,40
40,40
40,40
40,20
20,40
40,40
45,40
40,40
48,40
40,45
40,40
40,40
40,40
30,40
60,40
50,60
40,40
40,40
40,20
40,40
40,40
44,40
20,50
40,40
40,40
40,40
40,40
55,40
40,40
40,40
40,30
55,40
40,45
50,40
50,40
40,40
40,25
40,40
40,40
20,25
40,40
20,40
72,40
40,40
15,40
40,45
40,40
60,99
75,20
30,30
40,40
44,40
60,40
40,40
60,40
40,40
40,40
40,40
55,40
40,45
30,40
35,40
35,40
38,40
55,40
50,60
50,55
25,40
40,30
40,40
70,48
40,40
30,40
40,10
40,40
40,40
40,40
40,40
60,40
46,40
47,40
60,40
24,40
20,20
45,40
40,40
40,40
35,40
99,40
40,50
40,40
40,40
40,40
40,40
35,40
40,40
43,40
40,40
40,53
40,40
35,40
72,60
40,40
40,40
50,40
40,40
40,40
40,40
40,35
48,40
40,50
40,40
80,40
70,50
50,40
40,40
40,60
55,40
55,40
40,40
40,40
52,40
40,40
46,40
40,40
48,40
48,40
40,45
55,50
40,40
40,40
40,40
30,40
40,40
43,40
50,40
24,40
20,40
88,60
55,50
40,40
52,40
20,40
40,40
45,50
45,60
40,40
30,40
40,40
50,40
35,40
45,20
50,40
24,40
40,40
50,40
60,40
70,48
40,40
40,50
30,98
40,40
40,55
55,40
36,40
45,45
40,40
40,50
40,40
40,40
20,40
40,40
40,50
40,40
50,40
40,45
40,40
40,40
50,40
50,40
49,40
40,40
60,28
27,40
15,40
40,40
40,50
40,40
55,40
40,40
12,40
40,40
30,25
40,40
40,40
40,40
50,50
40,40
40,40
40,40
30,40
40,40
32,25
40,40
42,40
8,15
40,40
40,40
60,50
42,40
55,40
40,40
40,40
50,40
40,40
40,40
40,40
54,40
40,40
40,50
40,40
10,20
40,60
40,40
40,65
40,40
60,40
38,50
47,40
40,40
45,40
50,40
38,40
30,40
60,45
40,40
10,40
43,40
50,50
40,60
50,40
30,40
40,40
20,28
10,40
50,38
50,45
40,40
40,50
40,40
60,40
40,40
40,40
40,40
48,40
35,24
16,20
45,45
35,40
24,16
50,60
30,40
40,40
50,50
36,40
40,40
40,60
44,40
50,35
35,40
33,40
50,40
40,50
25,15
45,40
40,40
40,40
40,40
40,20
5,40
48,40
40,45
40,40
45,40
50,50
40,55
50,40
40,40
50,40
24,20
40,40
45,40
35,40
28,40
55,55
50,40
48,40
40,40
50,45
40,40
10,60
55,40
30,8
20,40
25,40
40,40
20,16
40,40
40,40
40,40
30,40
12,3
20,10
40,40
40,50
40,40
30,40
50,40
35,30
40,40
8,40
40,40
40,40
2,40
50,40
40,20
40,40
40,40
40,40
40,40
50,40
66,72
50,50
55,40
40,25
40,40
50,45
40,40
40,40
40,70
80,40
40,40
40,30
80,35
30,40
90,40
60,40
40,45
38,40
40,40
5,5
40,40
60,40
40,40
40,40
50,40
41,40
40,44
40,15
40,40
40,40
40,40
30,20
40,40
35,25
32,40
40,20
40,70
55,40
47,40
20,18
55,40
40,40
40,40
15,40
40,40
40,60
40,40
25,19
15,20
35,40
40,40
40,40
40,40
40,40
42,40
25,12
6,15
40,40
40,40
40,40
12,40
40,40
50,40
40,40
35,40
72,40
40,30
32,40
40,40
40,30
35,40
50,40
10,40
30,40
56,40
50,55
50,40
35,40
40,40
20,30
42,50
40,40
40,45
20,15
40,40
40,40
40,50
45,40
40,60
40,25
20,21
12,41
40,40
50,40
40,40
40,40
45,45
40,40
60,50
40,25
40,40
50,40
65,40
50,40
40,40
79,15
40,40
45,40
35,40
40,40
40,40
40,40
40,42
45,40
32,40
40,40
40,62
45,40
40,60
40,40
40,40
32,40
40,40
36,40
50,45
40,40
30,40
40,40
65,40
40,40
5,40
40,30
60,40
72,40
40,40
40,40
36,40
20,40
40,40
25,30
40,40
60,40
20,20
4,24
35,40
48,40
45,40
40,40
4,40
40,40
40,40
51,40
48,40
20,40
40,40
40,40
60,50
40,40
40,50
40,60
40,40
60,60
60,40
40,40
40,40
36,40
35,40
60,50
40,40
50,40
40,40
40,52
40,40
45,40
40,30
50,40
40,40
40,40
40,60
45,40
40,40
50,40
40,40
40,35
78,62
40,40
50,50
40,45
20,40
50,40
55,40
36,40
40,40
40,40
20,40
35,40
10,40
40,40
50,50
20,50
40,40
40,40
40,40
25,40
60,40
45,50
40,40
65,55
40,8
60,50
40,40
40,40
30,40
46,40
40,40
40,35
40,40
40,40
60,40
30,40
40,40
40,40
40,45
40,40
50,40
38,40
10,20
40,40
45,40
25,40
23,40
40,40
40,40
84,30
55,40
40,40
40,40
20,40
60,40
40,40
35,40
40,8
36,40
2,40
40,40
40,40
50,40
40,40
45,40
40,40
40,40
64,40
30,25
40,40
40,40
40,55
40,40
40,48
40,40
20,40
60,40
40,40
40,40
40,40
44,50
70,40
50,40
40,40
36,40
40,40
40,40
18,40
50,40
40,40
43,40
44,50
40,8
48,48
40,40
40,40
40,50
52,40
40,40
30,50
20,40
35,60
24,40
40,25
33,40
40,40
35,40
40,50
40,40
45,40
35,20
40,42
65,40
40,40
40,40
40,40
60,32
20,45
40,40
40,40
60,40
40,40
40,40
35,40
40,40
35,40
40,50
48,40
40,40
38,40
40,40
40,40
40,40
8,40
50,40
18,40
48,40
48,40
45,60
55,45
50,90
8,25
50,40
30,40
50,40
40,40
53,40
42,40
20,20
55,40
40,80
40,40
6,55
50,40
55,40
31,40
75,50
40,40
50,40
40,40
60,45
40,40
20,40
70,50
40,40
40,40
50,60
45,50
40,20
40,35
75,40
35,40
10,40
40,25
25,40
40,55
80,20
40,40
35,40
45,40
30,40
65,40
40,40
35,40
40,40
45,40
40,40
40,40
24,40
65,40
50,55
80,45
40,40
40,40
35,40
40,40
60,20
30,20
40,40
47,60
50,40
40,40
60,78
10,40
40,40
40,40
60,40
40,40
50,40
50,60
40,40
47,40
44,40
24,40
50,50
40,40
35,50
12,20
37,40
12,16
60,40
40,40
30,20
40,40
45,40
40,40
40,40
70,40
35,40
40,40
40,40
40,40
45,40
84,40
18,20
40,40
50,35
45,40
45,40
40,40
40,40
40,40
40,40
45,40
40,40
32,40
40,35
40,40
40,40
40,40
40,10
40,60
40,40
20,20
40,40
40,40
40,40
30,50
40,40
32,40
40,40
30,20
35,40
40,40
38,40
40,40
40,40
40,40
50,40
70,60
40,40
40,40
45,40
40,40
45,60
60,40
40,40
40,40
40,40
40,40
40,20
21,30
20,40
40,40
40,40
52,40
60,40
40,40
40,50
40,40
40,40
40,55
50,40
40,15
24,40
40,40
20,12
16,40
55,40
40,40
60,55
40,40
40,40
40,40
40,40
50,40
55,45
40,40
40,40
35,40
40,50
40,40
3,40
40,40
15,20
10,40
50,40
40,45
60,40
40,40
40,40
16,40
40,40
40,40
40,40
50,50
40,40
40,40
50,40
50,40
40,40
75,48
40,40
40,50
40,40
38,40
40,40
60,50
40,40
42,40
40,40
50,50
40,40
45,40
40,40
60,45
20,40
4,20
50,50
55,40
50,40
40,40
40,40
28,40
38,40
24,35
60,20
39,40
40,40
40,40
40,40
40,40
40,40
58,40
50,40
28,40
40,40
20,40
4,25
24,40
40,40
40,40
45,40
40,40
40,40
25,40
40,40
24,40
40,40
50,40
1,40
40,40
40,40
40,50
17,40
40,40
50,40
40,40
40,40
40,40
60,60
35,40
40,40
40,40
10,25
40,40
40,40
48,40
40,40
70,40
40,40
40,40
40,40
40,40
40,40
35,55
40,40
35,40
40,20
40,40
30,20
15,3
60,45
45,40
20,40
40,44
30,12
40,40
45,40
45,40
5,20
55,50
35,40
40,60
40,40
50,50
40,40
60,40
40,40
40,40
40,40
40,40
40,50
55,40
40,40
40,50
40,50
20,40
40,40
40,40
40,40
35,25
45,40
23,40
40,40
40,40
35,50
40,40
50,38
40,40
24,40
38,45
40,60
40,40
40,40
40,40
50,30
40,40
41,40
40,40
84,40
40,50
12,40
55,45
40,40
40,40
40,40
40,40
40,40
30,40
40,40
40,12
15,40
35,40
39,40
40,40
50,40
55,40
50,50
55,40
99,55
40,40
30,40
31,40
40,40
40,40
40,40
40,50
37,40
65,40
56,56
40,40
45,72
45,40
60,40
35,40
50,45
53,40
40,40
35,40
40,40
35,40
40,40
35,40
40,40
60,40
40,50
40,40
25,40
40,40
40,50
48,40
40,40
40,40
40,40
40,40
40,40
55,40
40,40
60,55
45,30
40,40
45,8
40,40
48,40
40,35
50,50
50,50
40,40
45,45
45,40
45,40
50,40
40,40
40,40
72,40
65,50
40,40
36,40
40,40
50,45
20,40
45,35
40,40
50,40
40,40
40,40
40,98
40,40
40,50
30,40
40,40
40,40
40,40
45,40
40,40
40,40
40,64
40,40
40,40
40,40
40,40
8,20
89,40
25,40
40,40
40,40
40,40
60,40
40,40
60,45
38,40
40,40
70,50
45,40
10,30
37,40
40,50
40,40
40,40
40,40
98,25
32,40
50,60
30,40
40,40
35,40
49,70
38,40
40,40
40,40
30,40
40,40
40,37
45,50
35,40
40,40
20,40
50,60
40,40
56,50
40,40
5,20
80,40
55,40
21,45
50,40
50,45
60,40
40,40
40,35
40,40
40,40
40,40
40,40
40,50
40,40
15,40
40,40
40,40
40,40
40,40
60,40
52,40
40,40
40,40
40,40
40,40
35,40
40,40
40,40
32,36
40,40
35,40
80,40
40,40
35,40
45,40
42,40
20,72
48,40
60,50
45,40
45,60
90,40
55,40
40,55
56,40
56,40
40,40
40,40
40,40
48,40
40,40
50,40
55,40
45,40
40,40
60,40
40,40
40,40
50,40
38,40
20,40
55,65
44,40
60,40
40,60
40,50
50,40
50,30
60,44
40,45
40,40
40,40
40,40
40,40
60,40
32,40
18,10
30,40
40,40
40,40
60,40
40,40
50,40
60,40
25,45
20,40
50,60
50,40
40,40
15,40
49,40
40,40
12,32
40,40
72,50
40,65
40,40
40,40
40,40
50,60
40,40
60,40
40,40
65,40
18,40
40,40
48,40
20,40
32,40
40,40
40,40
45,40
40,40
45,40
40,40
40,50
38,40
40,40
45,40
40,40
40,40
30,40
40,40
35,40
40,25
60,40
50,50
40,50
40,16
60,40
35,40
28,40
40,40
50,40
45,40
22,40
40,40
40,40
40,40
40,50
40,40
38,40
40,40
20,40
40,40
25,40
40,40
30,40
55,40
40,40
40,40
40,40
40,40
46,40
40,50
40,40
45,40
30,40
40,40
40,50
40,40
15,15
40,40
40,40
40,40
20,40
40,40
40,50
48,40
55,40
40,40
40,40
55,40
24,15
52,45
32,45
43,45
40,40
40,40
40,40
30,40
42,40
40,40
40,40
40,40
40,40
60,40
40,40
40,40
40,40
50,40
40,40
40,45
40,40
48,41
40,40
45,40
50,40
45,40
40,40
36,43
40,40
40,65
50,45
18,30
40,40
40,40
40,40
45,60
38,40
40,40
55,60
50,40
60,40
45,40
40,40
40,40
60,60
45,40
50,40
42,40
60,45
40,40
36,40
40,40
30,40
45,40
40,40
40,40
40,50
30,40
40,40
40,40
40,40
70,60
37,40
40,40
40,10
3,5
24,20
50,40
40,40
40,40
40,28
40,40
40,98
15,40
20,40
40,40
40,40
48,40
40,40
4,20
40,40
18,40
30,50
45,40
70,40
40,40
40,40
40,40
40,40
40,40
40,40
40,30
20,40
50,40
80,60
40,40
50,40
40,40
40,40
40,40
40,40
35,40
40,40
20,50
43,38
40,40
40,50
40,40
40,60
40,40
40,40
40,40
40,40
40,40
41,40
40,40
99,65
80,55
40,40
40,40
50,40
38,40
40,50
25,40
40,40
32,40
48,40
40,40
40,40
40,40
40,55
55,40
40,40
40,40
25,40
45,60
35,35
45,40
24,40
48,40
54,40
50,52
40,40
40,40
45,40
40,40
40,40
35,40
40,40
25,25
45,40
20,25
40,40
40,40
40,40
35,40
40,40
40,20
40,40
5,24
40,45
12,25
50,40
40,35
40,40
40,40
40,40
53,40
40,40
60,40
50,50
40,40
40,60
15,60
35,20
43,40
45,40
40,40
45,40
30,40
45,55
40,60
40,40
13,40
40,40
72,60
50,30
15,40
15,40
44,40
55,40
40,40
20,20
40,40
40,40
40,40
32,40
40,40
28,16
12,40
55,40
40,40
40,40
40,40
40,40
40,40
40,40
55,45
35,40
36,40
40,40
40,40
70,40
20,12
50,50
40,40
40,40
40,40
20,45
40,40
45,40
20,40
40,40
30,40
24,35
30,40
40,40
5,40
60,50
46,40
40,40
40,40
20,14
40,40
40,40
30,20
40,40
55,60
40,30
40,40
53,40
35,20
45,40
40,40
40,40
60,40
40,40
42,15
35,40
43,8
45,40
45,50
42,40
60,30
40,40
21,40
50,46
50,40
40,40
40,40
35,15
40,40
28,40
40,40
60,40
48,40
15,40
40,40
40,40
15,20
40,40
40,40
40,35
40,50
50,40
50,40
40,40
25,40
50,40
40,40
41,40
40,60
40,40
40,40
30,40
40,40
9,40
40,55
40,40
40,45
40,40
40,40
40,40
40,50
35,10
40,40
40,40
24,15
40,38
50,36
55,40
40,40
35,40
60,40
45,30
12,40
40,40
45,40
60,40
40,40
55,45
40,40
33,24
45,35
42,40
38,40
50,55
20,40
20,40
40,40
40,40
40,40
40,40
25,40
50,50
20,40
35,40
40,40
27,40
50,40
50,50
70,50
50,40
40,40
60,45
45,52
40,40
40,3
40,40
40,40
40,40
40,40
25,40
40,40
40,40
45,40
40,20
40,40
40,40
40,40
45,40
40,40
40,40
48,32
50,40
40,40
40,40
45,37
40,40
65,40
78,40
40,40
60,40
40,52
40,40
55,45
40,40
40,40
50,56
60,40
30,40
20,40
40,40
40,45
25,40
56,40
40,40
48,40
40,38
50,40
60,50
20,40
20,40
46,80
16,30
40,40
40,40
40,40
40,40
30,40
40,36
40,40
60,40
40,40
30,40
45,40
40,40
15,24
20,35
20,40
48,40
40,40
40,15
20,10
20,40
44,40
40,40
50,40
10,40
40,40
40,40
38,40
40,45
40,40
35,40
43,40
32,40
50,40
8,8
50,50
44,42
14,10
40,40
40,45
35,40
40,5
20,40
50,40
40,40
40,60
40,40
40,40
20,40
7,40
45,40
38,45
50,40
45,40
28,40
40,50
40,40
48,40
20,20
60,40
30,40
25,40
40,40
40,40
20,25
20,40
2,40
48,70
40,40
40,40
40,40
40,40
40,60
40,40
40,24
45,40
40,40
40,40
40,35
20,20
40,40
35,40
35,40
70,10
60,60
40,40
20,50
40,40
40,40
10,35
50,40
40,40
40,45
30,28
55,40
45,60
50,40
42,50
40,40
40,40
47,40
40,40
20,40
52,40
40,40
50,60
45,40
40,40
32,40
40,40
45,40
37,40
15,40
40,48
40,40
35,40
40,80
60,40
40,40
40,40
50,50
40,40
40,40
25,40
40,44
40,40
50,40
30,40
30,40
40,40
36,40
40,40
40,40
50,40
70,40
40,40
45,40
30,40
45,40
34,40
40,40
40,40
52,25
40,40
45,60
40,10
40,40
10,15
50,40
40,40
40,40
40,4
40,40
35,40
39,40
55,40
45,50
42,50
48,40
50,40
12,20
50,45
40,45
40,40
60,45
60,40
40,40
40,40
99,40
40,20
30,40
45,20
47,40
60,50
99,40
25,40
38,40
60,40
50,40
40,50
60,40
50,50
40,40
30,25
40,40
40,40
50,40
60,60
40,40
40,42
50,40
32,40
50,40
45,40
44,40
60,40
35,40
40,40
40,40
50,40
35,15
40,40
20,48
50,40
40,60
42,40
40,40
40,50
40,60
40,40
70,40
70,50
50,40
40,40
50,20
40,40
40,40
40,33
40,40
40,45
40,40
40,40
20,40
32,40
35,70
40,18
40,40
40,40
40,40
55,50
40,40
56,40
40,40
40,40
40,40
12,40
40,40
41,45
50,40
13,20
40,40
40,40
35,40
60,60
40,40
16,22
15,25
40,40
40,40
63,40
66,40
40,40
40,30
40,15
45,40
40,40
20,25
80,40
40,22
50,40
36,40
40,40
40,40
45,40
40,40
40,40
20,20
40,40
48,40
20,12
35,40
70,68
24,40
44,40
30,60
40,40
40,55
40,40
40,40
35,40
25,50
41,40
40,30
40,40
37,40
38,40
65,40
16,50
35,50
40,40
48,48
40,40
40,40
40,60
40,40
40,40
37,40
40,40
40,75
40,40
38,40
30,40
40,40
40,40
10,40
24,40
45,40
50,40
40,43
40,40
50,50
20,40
45,40
60,40
80,60
40,50
40,40
45,40
20,40
45,55
20,40
60,40
44,40
45,45
72,40
40,8
40,40
40,56
40,40
60,35
30,40
20,40
40,40
40,40
50,40
40,40
44,40
40,40
55,40
12,40
38,40
40,40
40,40
40,40
40,40
15,40
40,55
50,40
35,60
30,40
8,40
40,45
40,40
40,40
33,40
40,30
40,40
44,40
40,40
35,40
40,50
40,40
40,40
46,40
40,25
40,25
40,45
40,60
20,40
40,40
40,40
40,40
50,50
32,40
70,50
50,60
30,40
40,40
40,40
50,40
50,40
40,40
35,15
40,40
20,40
40,40
50,55
40,40
4,6
15,40
50,40
44,40
30,20
40,40
48,55
40,40
50,40
40,55
40,50
20,12
45,5
50,40
40,44
40,40
40,40
50,40
48,60
40,40
30,42
40,48
60,40
47,50
35,40
30,20
40,2
40,40
32,40
40,40
40,40
40,40
30,40
50,20
50,45
40,40
40,40
40,40
2,40
40,40
40,40
80,40
39,40
20,40
15,22
50,40
50,60
50,40
40,40
40,40
65,40
55,60
40,40
45,40
12,50
65,20
40,40
41,40
40,40
40,40
60,40
40,40
40,40
38,40
50,40
50,40
45,40
20,40
40,40
40,40
40,48
41,40
35,40
55,48
38,40
35,40
40,25
40,40
80,60
40,40
32,40
40,40
40,40
60,50
35,40
50,50
38,40
40,40
40,40
30,40
40,40
44,40
60,55
52,40
40,40
11,40
40,50
40,40
40,50
45,40
40,10
50,40
50,45
40,70
40,40
40,40
40,40
40,40
45,45
15,40
35,40
55,60
40,40
42,40
50,40
10,8
37,40
15,20
40,40
40,40
40,40
50,50
40,40
40,40
30,24
40,40
40,40
45,40
60,40
40,40
40,40
40,40
38,40
40,40
20,35
25,40
40,40
40,28
40,40
25,40
50,40
37,50
40,40
20,20
40,40
40,40
50,45
40,40
50,40
50,40
45,40
40,40
40,50
45,40
50,60
35,40
40,35
35,40
20,40
30,40
37,20
40,45
40,40
55,40
18,40
40,40
60,55
35,40
40,40
40,40
40,40
12,15
40,40
23,40
60,40
40,40
20,25
40,40
40,40
40,40
40,60
99,40
40,40
72,40
35,40
40,40
60,40
60,52
21,50
44,50
40,40
50,10
50,40
60,32
40,40
35,50
38,40
40,40
70,40
40,40
40,40
40,40
57,60
35,40
30,40
40,40
40,44
40,40
40,40
40,40
39,40
40,40
40,40
40,40
30,30
50,40
40,40
80,40
45,84
40,40
40,50
40,40
20,15
30,40
35,40
32,40
20,16
38,40
60,40
40,40
35,40
40,40
40,40
40,40
43,40
40,40
40,40
40,40
40,40
40,40
40,40
25,15
45,40
40,40
50,40
40,40
38,40
40,40
45,40
40,40
40,40
40,40
40,40
45,50
48,55
40,40
40,40
50,45
45,50
45,40
33,40
60,50
16,40
60,45
45,38
50,40
60,60
30,40
40,30
55,40
50,40
40,45
45,45
40,40
40,60
40,40
20,40
20,40
12,40
6,40
60,40
40,40
40,40
16,40
35,40
48,40
50,40
50,40
40,15
36,40
35,40
40,40
50,40
40,40
40,40
40,40
40,40
40,40
40,50
40,40
40,40
15,40
40,40
40,40
40,40
30,40
30,40
50,40
45,44
40,40
40,40
25,5
40,45
40,40
48,40
40,45
40,60
40,40
45,40
65,60
50,25
40,40
28,26
40,45
35,40
55,60
55,50
40,50
20,40
70,40
40,48
40,40
40,40
40,40
15,40
45,40
45,40
40,40
45,40
45,50
70,40
32,40
60,40
38,40
40,40
40,40
40,40
32,40
38,35
40,40
60,40
50,40
50,40
45,40
40,50
60,60
40,40
40,40
45,40
40,50
40,35
40,40
40,40
20,40
40,45
20,15
55,40
40,40
45,50
40,40
35,20
48,60
40,40
35,40
40,45
40,40
40,45
16,20
44,50
40,40
20,12
40,40
40,40
60,40
40,50
40,38
40,40
60,40
40,40
40,40
45,40
20,40
40,40
40,40
37,40
60,40
40,40
40,30
40,40
40,40
50,45
40,40
45,30
35,45
52,40
40,52
40,40
40,40
60,40
40,40
40,40
40,40
40,40
40,40
40,20
40,40
55,40
40,30
40,40
99,35
50,40
40,40
60,50
35,40
20,30
23,40
40,40
38,40
40,40
55,50
50,50
99,40
40,40
50,40
50,50
40,50
40,40
40,40
20,40
40,50
40,40
48,40
35,35
40,20
20,35
40,40
40,40
55,40
40,40
40,40
40,40
32,40
18,40
44,50
55,40
40,40
48,55
40,40
40,40
40,40
38,40
45,40
40,40
40,40
40,40
60,45
55,45
15,24
40,40
50,40
50,40
40,40
45,40
60,40
55,60
10,40
34,40
40,40
40,40
40,40
32,40
40,40
40,40
40,40
40,25
70,50
40,40
40,40
60,40
20,40
50,65
40,68
50,50
40,40
65,80
40,40
50,50
40,40
40,40
20,34
60,45
40,40
40,40
40,40
45,40
40,50
40,40
20,32
25,40
50,50
40,40
45,40
40,40
55,50
40,10
60,43
30,50
25,40
48,40
40,40
53,40
65,40
45,45
40,40
40,40
40,40
20,40
55,40
40,40
50,40
37,50
40,40
40,40
55,40
40,40
46,48
50,40
80,50
20,40
20,40
40,40
45,40
55,60
48,40
40,40
40,40
43,40
45,40
40,42
80,60
40,40
22,40
40,40
30,40
30,40
60,75
20,40
40,40
70,16
90,35
50,40
40,40
40,40
40,40
41,40
40,40
20,40
35,40
30,40
50,40
50,40
40,46
50,40
40,40
40,40
40,30
20,15
40,25
40,40
40,40
40,40
40,40
40,48
55,40
30,40
40,40
40,40
40,40
45,40
40,25
40,40
25,40
40,40
15,40
40,55
40,40
40,30
20,40
54,50
40,40
35,40
8,40
40,40
40,40
50,40
40,40
60,40
50,40
25,35
40,40
40,40
60,50
50,40
44,40
40,40
40,40
38,15
40,40
8,50
60,40
40,70
40,40
80,60
40,24
40,40
40,40
30,30
28,40
50,40
40,40
50,40
40,50
40,40
40,40
40,40
78,40
56,42
50,40
40,40
45,40
42,40
36,40
60,40
40,40
30,40
50,40
40,40
40,60
40,40
55,40
20,40
40,40
30,40
40,40
40,40
40,40
35,40
60,40
60,40
40,50
40,39
40,40
37,40
30,40
40,10
40,40
20,39
52,50
38,40
40,48
45,40
40,40
40,25
44,50
30,40
40,15
40,40
50,43
40,40
40,40
40,50
40,40
35,40
35,40
52,40
40,40
44,40
40,40
45,40
40,25
48,40
40,40
40,40
40,40
40,40
40,40
40,40
50,45
20,40
84,40
40,40
40,40
70,40
3,40
40,40
35,20
40,40
22,40
48,50
5,10
40,40
40,40
34,40
40,40
40,40
60,40
15,25
45,40
45,37
40,40
48,40
40,40
60,40
40,20
40,50
40,40
40,30
40,32
20,18
40,40
50,40
50,55
45,40
40,40
50,50
40,40
40,40
25,20
35,40
55,50
40,40
35,20
6,35
40,40
40,40
40,40
40,40
40,40
35,40
80,40
60,40
40,40
35,42
40,40
40,30
60,8
45,40
40,45
40,40
21,40
60,50
40,40
20,30
55,40
40,40
40,40
40,40
40,40
40,40
48,40
44,40
15,20
45,25
20,20
40,40
30,30
20,50
45,40
16,4
40,40
32,40
48,50
45,60
40,40
30,40
40,40
40,72
40,40
45,35
28,40
80,40
40,40
45,35
28,40
40,40
32,70
40,40
70,30
25,40
37,40
60,40
40,40
35,40
60,40
40,40
48,40
20,60
40,40
20,40
38,40
40,40
50,38
60,20
40,40
32,40
40,40
32,50
30,30
37,40
40,40
50,40
40,40
40,45
40,40
30,40
18,30
40,40
30,10
50,60
30,40
1,40
45,40
70,40
40,40
40,40
14,14
36,40
40,40
48,60
40,40
20,35
45,45
20,20
40,40
40,40
10,40
42,30
50,50
45,40
35,25
48,40
45,55
45,40
40,40
40,40
30,40
40,40
40,40
35,40
36,40
40,40
40,40
50,40
35,40
40,40
40,50
55,45
16,40
45,40
47,40
40,40
60,60
40,40
60,60
38,40
40,40
40,40
40,40
40,40
40,40
45,50
40,40
40,40
40,40
40,55
60,60
40,40
35,72
20,40
40,40
70,40
25,40
50,45
40,40
20,40
32,40
32,40
50,34
80,40
23,45
40,40
40,40
50,40
50,40
40,40
50,40
10,40
50,40
40,40
50,40
50,40
25,40
35,50
50,40
40,40
40,40
40,40
40,40
25,40
30,40
40,40
40,40
20,40
40,40
60,40
60,40
36,50
42,60
38,50
40,40
35,40
44,40
35,40
40,40
40,40
40,30
60,40
45,40
40,40
50,50
52,40
45,40
99,40
44,50
40,40
15,15
40,40
40,40
55,60
20,40
38,30
50,40
40,40
40,40
42,40
40,40
20,40
55,40
40,40
70,40
45,40
40,40
65,45
40,40
45,35
24,40
40,40
40,40
45,40
40,40
30,40
40,40
40,40
40,40
50,40
30,60
37,40
25,40
42,40
40,40
40,40
50,40
22,18
40,40
50,40
50,45
40,40
45,50
40,30
40,40
30,40
45,40
60,40
40,40
40,40
40,40
45,40
48,40
12,40
40,45
40,50
40,40
50,50
40,40
40,40
40,40
40,40
30,40
52,40
40,40
44,40
6,32
40,40
48,40
35,40
60,55
40,40
30,40
40,46
40,40
40,40
40,40
30,40
40,40
40,40
40,40
40,40
40,40
40,36
60,35
28,25
40,20
30,40
54,40
50,40
40,20
24,20
38,40
40,40
40,40
40,40
40,40
40,40
40,40
42,40
40,40
40,40
40,40
40,40
40,40
40,40
40,40
60,50
99,40
42,40
50,40
35,40
40,40
40,40
30,40
40,40
99,45
40,40
40,40
80,35
40,40
45,40
40,38
25,40
36,40
40,40
40,40
40,40
40,40
35,48
8,43
40,40
50,40
60,40
50,48
40,40
60,40
55,40
35,40
55,40
48,40
15,40
40,40
40,40
60,40
14,30
35,40
20,40
40,50
35,40
40,40
50,40
54,40
40,40
40,20
55,50
40,40
40,50
40,40
40,40
30,40
50,55
60,40
50,40
40,40
40,40
40,40
48,24
19,20
40,40
12,50
44,55
37,40
40,40
40,40
40,40
10,40
40,40
45,35
40,40
24,40
40,40
15,38
40,40
50,50
40,40
35,25
40,40
35,40
20,40
35,40
40,40
25,40
25,40
40,40
40,40
60,40
45,40
40,40
50,40
40,40
44,40
40,40
44,40
48,45
45,40
60,40
62,40
40,48
45,40
35,40
35,60
40,40
40,50
50,40
50,40
40,40
40,50
40,40
19,40
40,40
75,40
35,40
40,40
40,40
45,40
30,15
40,44
40,50
15,40
75,50
20,20
20,40
40,40
20,20
50,40
41,40
60,40
55,40
40,40
40,40
50,40
40,60
36,20
50,48
40,40
50,50
48,20
46,50
70,40
30,50
65,25
24,30
23,40
40,40
40,40
30,20
40,40
60,40
40,40
60,40
40,40
12,40
40,40
40,40
40,40
40,40
40,40
40,50
40,40
40,40
65,40
55,40
45,40
40,40
52,45
50,40
40,40
40,40
47,40
40,40
55,40
50,60
36,40
45,40
15,15
42,40
40,40
40,40
45,40
37,40
65,50
40,40
40,40
40,40
60,40
30,40
48,40
40,60
45,40
20,40
40,40
36,40
40,56
40,40
60,40
8,38
40,40
40,50
35,60
40,40
40,40
40,40
37,40
50,40
40,40
45,40
40,40
18,40
47,40
45,40
50,70
56,56
40,40
55,60
20,40
40,40
99,40
48,40
50,40
40,45
10,40
40,40
16,3
50,50
25,25
40,40
40,40
10,12
70,40
40,40
40,40
37,40
40,40
65,40
40,40
40,40
50,40
40,40
60,45
40,40
55,40
50,40
40,40
49,40
40,50
50,47
60,60
20,40
40,40
40,40
38,40
40,40
40,40
40,50
20,40
40,40
40,40
45,50
50,40
35,40
60,40
45,40
40,40
40,45
80,60
40,30
55,50
40,40
36,40
40,40
40,40
30,15
45,40
40,40
40,50
45,60
51,40
40,40
40,40
40,40
40,40
50,40
30,20
40,45
50,55
40,40
35,25
55,40
40,40
20,20
40,40
40,40
40,40
40,40
40,50
11,14
40,40
35,40
40,50
50,80
45,35
88,40
40,40
40,40
40,50
40,30
20,40
25,25
40,40
40,20
32,44
50,40
35,40
50,40
44,40
40,40
20,40
40,50
60,45
20,40
40,40
15,10
40,40
40,40
15,40
40,50
40,40
40,40
20,40
40,50
40,40
40,40
13,40
25,40
50,10
40,40
35,40
56,40
45,40
45,40
49,35
40,40
40,40
40,40
35,40
40,40
40,40
40,40
40,40
40,40
55,60
30,40
60,40
40,40
40,40
40,40
40,40
50,40
40,40
40,40
50,20
40,40
40,40
40,40
50,46
20,25
55,40
40,40
10,35
40,40
28,40
50,40
40,40
40,40
40,40
40,40
36,10
50,40
30,32
50,45
45,40
15,40
40,40
40,40
40,40
5,25
40,50
55,40
40,50
20,40
40,40
15,40
40,40
50,65
35,28
48,45
40,50
32,10
40,40
50,55
37,40
65,40
50,40
48,40
40,40
70,60
40,40
30,16
40,40
30,15
40,40
50,50
45,40
35,40
40,40
25,14
40,40
40,40
38,38
40,40
40,40
10,40
40,40
25,40
60,40
60,40
38,40
40,40
40,40
65,70
40,40
30,40
50,40
24,40
40,40
35,40
25,30
40,40
15,35
40,30
40,40
40,50
40,40
15,40
40,40
40,40
50,40
35,40
40,20
40,40
32,20
20,40
40,40
40,40
40,40
40,40
35,45
40,40
8,40
45,50
55,60
30,40
50,40
40,40
40,40
40,40
70,40
15,10
40,40
70,40
40,40
6,25
40,40
45,40
55,40
40,40
32,50
35,50
50,40
50,40
40,40
30,40
40,40
45,40
40,40
50,45
40,56
40,40
40,50
40,40
40,40
40,40
40,40
36,40
40,50
20,40
35,40
40,45
16,20
40,40
20,2
40,40
40,40
45,40
30,40
40,40
20,40
40,40
20,40
20,40
40,40
60,55
38,40
40,40
40,40
30,40
50,50
20,16
35,40
40,40
40,40
40,40
40,40
40,50
20,8
40,35
20,20
40,40
50,50
40,24
50,40
40,40
45,50
50,40
40,40
40,40
40,40
34,30
35,40
20,40
36,40
40,40
40,40
40,35
3,20
45,40
50,50
30,40
45,50
50,40
40,40
40,40
60,50
15,40
24,40
50,40
72,40
60,40
40,40
40,40
43,40
54,40
17,30
60,50
35,50
55,40
40,40
40,50
40,40
45,40
40,40
40,40
40,40
30,30
8,40
50,40
41,40
60,40
40,40
72,40
40,40
40,40
40,40
40,40
40,40
30,40
25,2
4,40
60,45
40,40
90,50
48,40
55,40
40,40
50,60
30,12
3,24
50,60
40,40
40,40
45,40
80,40
32,40
50,35
20,50
35,40
50,60
40,40
40,40
40,20
85,50
35,40
50,40
45,50
45,40
50,50
40,40
40,55
35,40
40,50
40,40
35,40
47,40
50,43
35,40
75,40
35,40
40,40
40,40
40,40
45,40
40,40
38,45
40,40
40,40
40,40
16,15
45,40
40,40
20,40
40,40
40,40
40,40
40,40
40,40
30,30
50,50
50,40
40,40
40,40
40,50
40,40
25,40
50,50
20,40
40,40
40,40
50,45
40,40
40,40
40,40
20,40
38,45
20,40
40,40
40,40
12,20
40,40
40,40
45,50
40,40
20,40
40,49
30,40
38,43
40,48
40,40
40,40
40,40
40,60
7,40
40,40
16,40
7,15
35,40
40,40
16,20
34,50
40,40
40,40
50,40
40,40
45,50
20,40
40,40
33,40
40,40
50,40
84,35
40,40
40,40
40,40
68,45
40,40
45,40
40,40
50,40
50,40
12,40
40,40
70,40
40,40
42,52
50,40
32,40
40,60
35,48
40,60
45,40
20,10
48,50
45,50
40,40
45,40
45,40
48,45
40,40
40,40
40,40
40,40
40,40
70,60
50,45
35,40
15,40
20,40
40,40
20,40
45,50
45,40
40,40
45,40
60,45
30,20
40,40
40,40
40,40
7,40
40,40
40,40
60,40
48,40
20,50
4,40
40,10
40,40
50,40
20,40
45,40
40,40
40,40
50,40
40,40
30,40
40,50
20,20
41,40
40,40
40,35
38,40
40,40
40,40
12,20
40,40
40,35
44,40
55,60
40,40
50,60
40,40
40,48
50,40
40,40
18,40
55,55
55,40
30,40
40,40
60,40
40,40
40,40
15,40
28,40
40,40
50,50
3,40
40,40
55,40
6,25
60,40
40,40
40,40
60,40
40,40
40,40
40,40
60,70
40,60
38,40
40,40
50,40
40,40
70,50
45,40
5,25
50,60
40,40
40,40
50,40
10,40
72,40
40,40
37,40
40,40
65,40
55,40
8,40
40,40
40,40
40,40
20,36
60,60
10,20
38,40
40,40
40,40
98,40
19,40
40,40
15,40
40,50
50,40
40,40
80,25
40,40
35,40
47,40
99,40
40,40
40,40
40,40
35,38
40,48
40,50
40,40
40,20
50,40
50,50
40,40
40,40
10,40
40,40
50,40
24,14
40,40
40,20
50,40
40,40
45,40
40,50
43,40
16,40
40,40
50,40
40,40
40,40
40,40
84,40
20,40
40,30
35,20
40,40
40,50
50,40
40,40
42,40
25,40
40,40
35,40
65,40
35,40
65,40
48,50
40,40
40,40
45,40
40,40
5,35
60,40
35,40
40,40
55,40
40,40
16,40
50,40
50,40
50,50
12,16
40,40
40,40
40,40
40,80
40,40
45,40
40,50
40,40
40,40
60,40
20,30
40,40
40,40
16,40
40,40
25,40
40,40
40,40
40,40
35,40
22,40
40,40
50,50
60,65
40,40
48,50
40,35
40,40
40,40
40,40
40,40
2,3
40,40
40,40
80,40
40,40
40,50
4,30
40,40
60,40
42,40
30,50
40,40
45,40
40,40
30,45
40,40
20,40
40,40
40,40
40,40
10,20
40,40
99,50
50,45
40,40
50,40
50,40
48,50
40,40
35,35
38,60
20,20
45,45
30,40
40,40
20,30
40,50
44,40
32,40
40,30
40,40
40,40
55,40
40,40
30,40
40,40
40,40
40,40
72,40
48,40
20,25
40,40
40,40
40,40
32,40
50,40
44,40
40,40
50,40
15,20
50,50
24,40
24,40
40,40
40,40
40,20
40,40
18,35
18,20
38,40
40,40
50,30
40,40
40,40
40,40
16,40
20,40
16,10
70,40
50,60
40,40
10,20
55,40
36,40
50,40
36,40
60,45
40,40
32,45
45,40
40,40
40,40
16,40
48,40
40,40
45,40
50,50
40,40
40,40
40,40
40,40
40,40
40,40
36,40
40,40
40,40
50,45
42,40
26,22
40,40
40,40
40,40
40,40
45,60
50,40
40,24
40,50
8,15
40,40
35,40
16,20
50,40
40,40
40,40
30,40
20,20
40,40
45,40
40,40
40,40
40,40
35,40
40,40
60,50
40,40
40,40
45,50
40,40
40,60
40,40
40,40
60,50
40,40
40,40
40,40
40,40
48,50
40,40
32,40
40,40
70,40
40,40
50,80
40,55
42,40
50,40
15,40
40,40
40,40
40,40
44,48
50,30
56,40
40,45
40,16
40,40
50,40
15,40
40,40
35,40
40,40
45,20
40,40
40,50
45,40
40,45
20,20
50,40
55,40
40,20
50,40
40,40
37,40
40,40
42,40
44,40
15,25
40,40
40,40
40,36
30,40
20,15
99,40
52,50
40,40
20,24
40,40
12,40
40,40
40,13
25,40
20,50
35,20
38,40
40,40
45,40
1,40
35,25
40,40
40,40
40,40
40,40
50,70
40,40
60,40
40,40
40,40
35,20
37,20
35,40
40,40
42,40
50,45
50,40
40,40
20,40
40,40
40,50
50,40
40,40
14,40
30,40
40,40
50,40
48,70
40,40
40,40
46,40
40,40
40,40
12,10
40,40
40,40
50,40
36,40
30,40
40,40
50,40
40,40
40,40
40,40
18,15
40,40
15,38
40,40
40,40
40,40
40,40
30,40
40,20
40,40
60,45
35,40
4,4
50,60
40,40
40,15
20,40
15,40
32,40
30,6
40,40
40,40
43,40
18,40
40,46
50,40
50,60
55,40
55,40
40,40
40,50
50,40
40,40
44,35
40,40
40,45
42,40
45,40
30,40
35,60
55,60
50,40
40,65
40,40
45,40
40,75
40,40
36,40
28,40
35,40
40,60
30,40
40,40
50,40
48,40
45,40
60,40
15,40
38,40
50,50
50,80
40,40
10,18
40,40
40,40
45,40
45,40
25,40
14,20
20,18
40,40
40,40
50,55
30,40
40,40
50,60
40,40
40,40
40,40
24,40
40,40
50,50
40,50
60,40
40,40
10,40
52,40
25,15
40,25
32,40
30,40
40,40
21,55
60,50
48,40
20,37
30,45
40,20
40,40
40,40
40,40
55,40
50,40
40,40
50,50
24,40
45,40
38,40
50,50
35,40
40,40
45,40
50,70
45,40
35,40
40,45
42,50
40,40
40,40
38,40
45,40
40,40
40,40
35,39
25,40
50,40
55,60
32,40
20,35
40,40
40,40
20,40
40,40
55,40
20,42
11,40
40,40
40,40
22,30
40,40
25,40
50,50
40,40
25,40
40,35
65,45
40,40
15,20
40,40
44,30
40,40
35,40
50,40
50,40
40,40
40,40
45,40
44,40
40,40
35,40
40,35
65,40
40,40
40,40
40,40
20,40
50,40
40,45
40,35
37,40
55,50
40,60
38,40
40,40
40,40
48,40
30,40
40,50
8,40
40,15
40,40
25,40
40,40
40,40
50,40
60,60
65,40
40,60
40,40
40,40
15,15
36,40
42,40
40,40
20,50
35,40
40,39
45,40
30,40
50,40
30,48
48,55
40,40
35,40
50,40
35,40
40,60
2,35
50,60
55,40
38,40
50,40
40,45
40,40
70,40
40,40
45,40
40,46
40,40
40,40
40,45
24,40
40,40
61,40
50,40
40,40
45,40
30,40
60,60
25,40
40,40
40,40
16,20
40,30
40,40
40,40
40,40
41,40
60,40
40,40
30,40
9,30
40,40
40,40
40,40
40,40
8,40
8,40
35,60
60,40
40,40
40,40
40,40
45,40
43,40
40,45
40,40
40,40
35,40
40,50
40,40
60,60
30,40
55,8
20,20
18,40
45,40
35,40
40,40
35,40
45,40
45,40
40,40
35,32
32,40
25,25
55,40
36,25
50,60
20,40
99,40
60,40
25,40
40,40
60,50
15,40
45,40
40,38
35,30
30,40
42,40
40,48
55,40
50,40
29,40
35,40
20,15
38,36
40,40
20,12
60,40
40,40
40,55
15,40
55,50
40,40
40,40
45,55
96,40
20,28
40,40
40,40
55,40
60,50
30,40
50,50
50,40
40,40
45,40
50,40
40,40
50,40
10,40
40,40
40,40
60,50
30,44
40,40
50,40
50,40
52,40
40,40
50,40
40,40
40,40
40,40
20,30
40,40
12,13
38,40
38,40
28,40
84,40
40,40
50,40
15,20
40,40
40,40
40,50
40,40
40,40
40,40
45,40
50,40
65,40
40,40
40,40
40,40
40,20
60,40
45,40
40,40
40,42
45,50
40,40
50,50
55,40
55,40
40,60
65,45
48,40
33,40
28,40
12,15
65,40
60,40
60,40
20,35
35,40
15,12
40,40
50,40
35,40
45,40
40,40
20,40
50,40
40,40
50,40
40,60
40,40
38,40
40,30
40,40
40,40
35,40
40,40
40,40
55,40
40,40
20,40
40,40
30,24
40,40
40,40
60,40
40,50
40,40
40,40
30,35
30,40
40,40
45,40
45,40
40,40
45,40
60,40
48,40
40,40
40,50
50,40
70,40
30,20
40,56
40,40
70,40
40,48
40,40
70,40
33,40
40,40
40,40
40,40
40,40
40,40
45,41
45,40
15,40
55,40
25,20
50,50
40,40
40,50
70,60
50,50
40,40
40,40
40,40
22,20
40,40
99,84
40,45
40,40
40,40
6,40
40,40
40,40
60,40
20,40
40,40
40,40
40,40
40,40
38,40
18,45
65,50
38,40
30,40
40,40
50,50
60,40
50,40
30,20
40,40
45,40
32,40
60,45
40,40
55,40
40,40
35,40
40,40
50,50
38,40
28,40
50,40
40,40
16,20
40,40
40,40
40,40
30,40
12,40
40,40
40,45
40,40
37,40
40,15
40,40
16,20
40,40
60,45
25,40
60,40
40,40
44,40
20,40
40,40
15,50
40,40
40,40
25,40
40,40
40,40
40,40
40,40
60,45
40,40
60,70
40,40
40,40
60,24
35,40
50,40
40,40
50,40
48,40
30,40
40,40
25,40
38,40
45,40
10,40
40,40
45,40
50,40
40,40
60,40
32,20
6,37
40,40
32,40
60,40
38,40
40,40
20,40
40,40
40,40
30,20
40,40
35,40
40,40
45,40
40,40
25,40
20,40
45,35
40,40
40,40
40,40
16,20
60,40
8,15
15,40
50,40
50,40
40,40
55,41
45,40
40,40
40,40
45,40
40,40
40,40
33,17
60,40
40,15
40,40
40,40
50,40
40,40
35,40
52,40
44,40
50,40
40,40
45,40
40,40
38,40
40,40
40,40
32,35
66,30
40,40
26,40
40,40
40,40
50,30
10,38
40,40
40,40
40,40
50,40
40,40
40,55
24,40
40,40
25,40
40,40
40,40
40,40
55,40
40,40
24,40
55,60
35,40
40,40
50,40
60,40
40,40
45,40
20,40
40,40
40,40
40,40
35,40
40,40
50,40
50,45
20,40
60,40
45,40
40,40
45,40
35,40
40,40
60,50
40,40
40,40
60,45
40,29
55,60
40,40
40,40
45,40
40,40
50,60
35,70
20,30
40,40
45,40
52,60
45,40
40,40
50,50
48,40
20,20
80,40
24,40
40,40
40,40
60,40
60,50
50,50
40,40
40,40
24,25
11,40
40,40
40,60
40,40
45,50
40,40
40,40
1,40
40,40
50,40
30,40
70,60
40,40
53,53
40,40
60,40
28,8
40,40
40,40
35,40
40,40
77,40
10,10
99,60
72,40
40,40
40,50
40,40
40,40
50,40
40,40
38,40
36,40
40,40
40,40
40,40
40,60
40,40
40,40
65,40
40,57
40,40
70,40
35,40
40,40
40,40
44,40
50,40
40,40
40,40
40,90
35,40
40,40
40,40
25,40
40,40
32,40
40,40
40,45
40,40
20,20
40,40
40,40
40,40
60,40
40,40
45,40
50,40
45,70
45,40
65,40
45,40
60,40
20,40
60,15
40,40
40,40
50,44
55,40
20,20
45,40
40,40
40,40
40,40
45,40
40,40
15,30
40,40
70,50
45,40
40,40
60,50
40,40
40,30
40,40
40,50
40,40
35,40
50,40
60,50
40,40
40,40
40,40
30,40
40,40
40,40
40,40
6,20
35,40
50,40
40,40
50,40
43,45
50,45
40,40
40,40
40,40
40,50
50,55
40,40
40,40
25,40
45,40
35,40
40,40
40,40
42,40
45,60
16,40
55,40
40,10
40,60
45,60
38,40
40,40
40,40
40,40
16,40
40,40
40,50
40,40
40,40
60,40
50,40
12,40
50,45
48,50
40,40
40,40
40,40
48,40
42,40
25,30
40,40
30,40
30,40
40,40
45,60
15,20
40,40
40,40
40,40
44,40
40,40
40,60
6,25
40,50
40,50
40,40
20,20
40,55
32,15
40,40
18,20
38,40
20,40
50,40
40,40
60,50
23,50
45,40
50,40
40,50
45,40
40,40
30,40
55,40
32,40
40,40
48,40
30,20
40,30
50,70
38,40
60,50
40,40
25,40
50,40
55,50
36,40
50,40
40,40
40,35
60,40
70,40
35,50
40,40
40,40
40,40
40,40
60,40
44,40
40,50
60,50
48,40
30,40
60,40
55,42
45,45
32,40
40,40
40,40
30,25
40,40
40,50
40,40
40,45
10,15
40,80
30,40
40,40
40,40
40,20
30,40
55,40
25,32
40,40
40,45
40,40
40,35
60,99
40,40
18,30
40,40
21,5
40,40
40,40
40,40
40,40
40,40
40,40
7,15
20,30
40,40
45,52
40,40
40,40
50,55
45,40
65,65
40,60
20,20
40,40
50,50
50,50
15,25
15,40
75,30
40,40
30,40
25,40
40,40
56,40
36,20
40,40
30,20
40,15
40,40
10,20
20,40
12,16
50,40
30,40
35,40
70,40
70,50
25,16
55,40
45,40
40,40
40,40
48,40
40,40
40,40
40,40
24,40
99,30
40,40
40,40
40,50
40,48
25,50
16,40
10,40
40,40
40,40
40,45
45,40
40,20
50,55
20,40
30,15
38,40
40,40
40,40
40,40
40,45
40,40
40,40
37,40
40,40
40,43
40,40
40,40
40,40
32,40
40,40
40,40
12,24
40,45
60,40
40,40
40,40
40,40
40,40
40,40
10,40
40,40
40,40
17,25
50,40
50,60
55,40
40,40
40,40
50,40
40,40
40,40
40,60
48,40
20,20
32,40
40,40
40,40
52,40
40,40
40,40
20,13
2,20
60,40
99,40
10,40
12,40
20,20
40,50
25,20
50,40
40,40
38,40
25,32
50,60
40,40
40,40
38,40
40,40
60,40
40,40
35,40
30,40
50,40
40,40
48,40
45,50
40,40
60,50
20,40
40,40
30,40
40,40
40,40
40,50
40,40
40,40
50,40
50,40
20,40
40,40
40,40
50,40
40,40
40,40
40,40
40,40
16,40
45,35
38,40
40,40
40,40
36,40
48,40
60,40
50,40
55,70
50,50
52,40
40,60
30,40
40,40
52,40
65,40
35,40
45,45
40,40
40,60
45,40
50,40
40,40
45,55
20,20
45,50
40,40
50,40
40,40
40,50
40,40
20,40
60,30
60,40
40,40
40,40
35,40
30,18
55,60
30,40
40,40
32,40
40,40
50,40
35,40
40,40
55,40
40,40
40,40
42,40
35,40
40,40
40,40
40,40
40,40
20,30
44,40
52,40
40,40
40,40
16,25
40,40
40,40
40,40
40,38
32,40
60,40
37,40
40,40
38,40
40,40
35,40
40,99
48,40
21,12
25,40
20,36
45,50
40,40
40,40
30,40
40,40
40,20
5,20
55,40
40,40
40,50
40,40
24,40
20,30
17,8
50,40
32,35
50,40
40,40
55,40
50,45
50,40
40,40
40,40
40,40
40,40
50,50
65,60
25,40
40,40
20,5
40,40
20,40
40,40
40,40
40,32
40,50
30,40
40,40
16,40
40,40
45,50
40,40
40,40
45,40
20,40
40,40
40,40
40,40
45,40
70,40
44,40
40,40
40,40
50,40
40,40
40,40
40,40
25,30
40,40
40,40
40,40
40,40
40,40
40,40
40,40
40,40
40,40
30,50
28,40
35,40
45,40
50,40
60,45
40,40
40,40
40,60
40,40
40,40
40,40
35,40
40,40
20,40
50,40
40,40
5,20
36,40
40,40
40,50
40,40
40,40
27,25
55,40
40,40
50,40
40,40
40,40
60,40
40,40
40,40
60,40
40,40
40,40
40,40
45,40
40,40
60,40
40,40
40,40
48,60
32,40
40,40
50,45
40,40
38,40
50,50
40,40
40,40
40,40
50,40
45,40
16,40
40,40
40,40
65,40
50,50
45,40
10,15
40,20
40,40
75,60
30,40
40,40
30,40
5,15
45,40
60,50
60,40
60,60
40,40
40,25
60,60
55,50
40,15
40,40
40,40
40,40
40,40
38,40
40,40
35,4
45,45
40,60
53,40
40,40
25,40
50,40
50,60
40,40
45,40
55,40
60,45
60,50
1,99
25,30
60,20
40,40
40,40
40,45
40,40
40,30
48,40
50,40
40,50
20,20
40,40
45,40
20,50
40,40
40,40
60,40
50,30
40,40
40,40
40,40
40,50
40,40
20,50
50,40
40,40
40,40
40,40
40,40
40,40
60,40
40,40
60,40
60,40
40,50
40,40
65,50
45,40
20,40
30,40
63,40
40,40
40,40
40,40
40,40
40,40
50,40
40,40
55,40
40,40
40,40
60,40
40,70
20,40
60,40
40,40
40,40
24,55
40,40
42,40
60,40
40,40
23,60
40,40
40,50
50,40
30,40
45,40
7,20
40,40
40,40
40,40
50,40
40,50
40,40
60,40
40,40
40,50
20,60
6,40
40,40
40,40
40,40
30,40
25,30
50,40
15,20
40,40
45,50
40,40
20,40
37,40
20,40
40,40
40,40
40,40
55,50
48,60
20,3
45,40
10,10
40,40
40,40
84,50
20,40
40,40
50,45
40,45
54,40
40,40
42,40
38,40
55,60
50,60
25,40
15,40
45,55
40,40
80,20
20,40
10,38
40,40
40,40
20,20
40,40
50,40
40,40
40,40
50,40
40,40
55,40
35,40
45,70
60,50
90,40
40,40
40,40
5,10
40,40
40,40
40,40
40,40
20,40
30,40
30,40
40,40
40,40
38,40
40,40
20,40
36,40
40,40
40,40
40,40
60,40
45,45
40,45
40,40
10,30
50,40
30,8
40,40
45,40
40,25
40,40
55,40
40,40
42,50
70,60
40,40
40,36
40,40
40,40
20,3
40,40
40,55
35,20
50,40
40,15
40,40
40,47
40,40
30,40
55,40
3,40
38,40
60,38
40,50
40,40
40,40
10,40
35,40
50,40
40,80
50,70
40,40
16,18
33,40
40,20
49,20
35,40
43,55
40,21
40,40
40,40
45,40
40,40
18,25
45,40
50,40
54,40
45,40
30,40
50,50
40,40
26,16
40,65
40,40
40,40
40,40
40,40
36,40
48,40
30,20
40,40
30,40
15,28
40,40
30,40
45,40
40,40
36,40
15,40
40,40
40,20
65,67
40,40
20,20
40,40
50,40
5,40
46,40
20,40
40,40
40,40
45,50
40,40
45,36
35,40
36,40
48,40
40,40
45,40
50,40
20,43
30,40
50,40
2,40
35,40
40,40
35,40
48,40
60,25
40,40
40,40
44,40
40,40
40,40
20,40
24,16
35,40
20,40
45,45
38,40
40,40
40,40
45,50
40,45
40,41
65,20
42,40
45,40
60,40
40,40
50,40
40,40
42,40
40,40
40,40
42,40
72,40
40,40
40,40
40,40
38,40
40,40
40,40
40,40
32,40
40,42
50,50
35,50
24,40
54,40
40,40
40,40
40,40
40,40
40,50
40,40
22,40
99,60
40,40
50,40
50,40
40,40
60,40
55,40
55,40
45,40
56,40
40,40
40,40
40,40
55,35
99,50
32,40
40,40
15,12
50,40
50,38
60,40
40,40
40,50
25,40
43,40
40,40
40,40
40,20
60,40
40,50
50,60
46,55
40,45
65,40
27,40
38,40
15,55
40,40
45,40
35,40
38,70
40,40
40,40
40,40
50,50
45,50
40,25
50,40
40,30
40,40
32,20
40,45
40,42
40,40
40,40
40,60
20,40
40,40
40,40
40,40
70,40
40,40
40,40
40,40
40,40
40,40
20,40
40,40
40,40
40,40
20,40
75,72
40,40
40,40
45,40
40,25
15,40
40,40
40,40
38,40
40,30
3,32
40,40
46,40
40,40
35,40
15,40
30,37
30,40
40,40
40,40
40,40
40,45
40,40
40,40
45,40
40,40
42,40
40,40
40,40
40,40
50,55
40,60
40,40
40,40
20,35
37,40
41,40
50,40
40,40
50,50
50,50
40,40
40,40
27,40
25,40
40,40
10,40
50,40
40,40
40,40
48,40
20,40
40,30
43,40
60,40
15,20
40,40
24,6
40,40
45,20
30,45
55,40
60,40
40,40
40,45
37,40
40,40
45,40
40,40
30,60
50,40
10,40
40,50
40,40
40,40
60,40
45,40
35,40
30,40
34,40
35,40
35,40
60,40
40,40
20,42
40,40
40,40
85,40
40,40
40,40
36,40
40,40
50,60
40,25
65,40
45,40
40,40
40,40
45,40
40,30
40,40
40,40
50,65
40,40
40,40
40,40
45,40
50,40
35,40
40,40
40,30
40,40
40,40
40,40
45,45
40,40
40,40
70,40
40,40
40,40
40,45
35,40
40,40
15,16
40,84
30,40
40,40
30,40
15,6
99,85
65,35
20,20
35,40
44,40
45,40
30,40
45,40
40,40
28,40
40,45
60,60
40,40
45,40
40,40
40,40
65,40
48,40
64,40
40,60
50,40
15,40
65,40
40,40
45,40
30,50
55,50
40,40
55,40
50,40
40,20
30,40
40,40
40,40
40,40
25,40
45,40
40,40
40,40
55,40
60,40
60,40
15,40
54,40
40,40
60,40
40,40
20,40
40,40
50,40
40,30
40,40
50,45
20,20
40,32
40,40
40,40
21,40
35,4
15,3
30,50
25,40
15,40
40,40
8,40
32,25
40,40
40,40
50,45
45,40
40,40
60,40
40,40
40,40
30,40
20,40
30,35
48,50
40,20
60,40
40,40
40,40
20,40
40,40
40,40
40,40
60,40
56,40
75,40
30,40
40,40
40,40
30,50
40,50
5,40
45,40
40,40
40,25
35,40
20,30
40,40
30,40
47,40
55,40
20,40
30,40
35,40
20,20
7,35
55,40
40,40
23,35
60,40
30,40
40,40
3,40
50,40
60,40
55,40
40,40
3,37
32,40
50,40
40,40
40,40
25,20
45,40
40,50
40,40
38,40
43,40
40,45
12,40
28,40
40,45
40,40
40,40
15,47
40,40
50,40
50,40
25,40
45,40
60,36
60,40
30,40
40,40
30,15
40,40
35,40
40,40
40,50
40,40
40,40
55,40
50,40
56,53
40,40
40,40
35,40
65,50
50,40
25,30
40,40
40,40
44,40
40,40
65,40
40,40
40,40
40,40
43,43
99,50
50,50
40,40
24,40
50,40
40,40
60,16
50,45
40,40
50,50
40,15
20,10
40,40
25,20
40,50
40,40
35,50
15,40
40,40
40,40
40,40
30,40
40,40
40,40
10,18
50,40
50,40
40,40
50,45
40,20
45,40
40,40
40,40
40,40
38,40
40,50
70,40
40,40
40,40
36,10
50,40
60,50
60,50
45,40
42,40
40,40
50,40
40,40
60,50
40,40
38,40
40,40
45,40
65,40
50,50
40,40
40,40
40,40
40,40
60,40
35,40
50,40
45,40
8,18
60,40
40,40
40,50
10,40
55,40
40,40
40,40
40,40
40,16
50,62
20,40
40,40
40,40
50,40
60,45
40,40
40,40
40,40
3,40
40,40
40,40
40,40
40,40
40,40
45,40
40,40
32,40
40,40
64,40
40,50
20,35
40,40
48,40
40,40
40,40
40,40
35,20
60,40
50,40
15,40
40,40
40,40
40,40
35,40
20,20
20,30
47,40
40,40
40,40
30,35
40,60
45,40
40,40
18,5
37,50
40,40
40,40
50,40
40,40
50,40
40,40
40,32
40,40
40,50
50,40
40,40
40,40
48,40
35,40
40,40
40,40
45,45
50,50
40,40
40,40
40,30
40,36
40,40
46,40
45,40
35,50
45,40
50,40
40,40
50,40
25,40
40,40
40,40
40,40
40,40
50,40
14,20
45,56
7,32
20,40
10,40
22,40
40,40
45,40
40,40
50,40
40,40
45,50
40,40
40,11
60,40
40,40
35,40
23,40
40,40
40,40
50,30
80,40
40,40
30,40
40,40
36,40
20,40
40,40
40,40
40,40
40,40
30,40
40,40
80,55
40,40
8,45
40,40
40,40
34,40
38,40
35,35
40,40
40,40
45,65
20,25
40,40
45,40
40,40
35,32
35,40
28,30
40,40
35,40
15,50
40,40
40,40
40,40
40,40
45,40
40,40
40,40
40,30
56,40
28,24
20,40
12,40
40,40
40,40
55,40
40,40
40,40
40,40
55,40
20,25
35,40
45,40
40,40
40,50
40,50
40,40
40,40
50,40
50,40
30,50
40,40
48,40
40,40
50,40
55,50
40,40
40,40
38,40
40,40
55,40
40,40
35,40
40,40
99,60
40,40
40,35
55,40
15,16
25,40
40,40
40,45
45,40
45,40
25,40
52,40
20,35
7,25
40,65
12,40
40,40
40,40
30,40
40,40
44,16
40,40
20,45
40,40
35,40
40,40
50,55
40,40
40,50
40,40
30,40
40,40
37,40
56,40
50,40
10,40
35,40
30,40
70,40
15,40
40,40
40,40
55,55
40,40
60,50
55,60
40,40
40,40
50,40
40,40
30,25
40,40
40,40
48,52
20,25
40,40
38,40
32,40
10,40
40,40
40,40
40,99
30,40
32,40
40,40
20,40
72,40
46,40
40,42
39,40
9,40
20,10
50,50
30,40
2,25
15,40
60,40
40,40
50,40
40,40
40,40
40,50
30,40
60,50
20,40
40,40
30,40
30,40
40,40
40,40
40,40
20,20
35,35
50,40
40,50
38,40
45,30
40,40
40,40
16,15
50,36
40,40
40,50
50,40
40,40
40,45
35,40
45,40
45,40
40,40
15,20
50,98
20,40
30,40
40,40
72,60
40,40
35,40
25,32
15,20
40,40
40,40
40,40
50,40
40,40
40,40
40,40
30,40
40,40
30,40
35,40
40,40
40,40
75,50
30,40
40,40
40,40
50,40
40,40
10,50
40,45
45,40
40,40
20,24
50,40
50,55
45,40
40,40
40,40
40,24
14,40
40,40
35,40
50,40
99,55
30,50
40,40
55,40
40,40
40,40
40,40
40,40
30,40
40,40
20,40
40,40
40,30
30,40
10,36
40,40
50,40
60,40
24,40
40,40
43,40
50,40
99,40
42,40
38,40
40,40
40,40
50,40
60,40
60,32
80,40
37,40
50,40
70,40
40,40
40,40
60,40
40,40
50,40
64,40
40,50
40,40
40,40
40,40
40,40
40,40
40,40
40,40
40,40
40,40
40,40
40,40
40,37
55,40
20,40
40,60
40,40
25,20
40,40
50,40
30,18
40,40
40,40
12,20
48,40
40,40
40,20
40,80
44,40
40,25
40,40
20,40
40,40
40,40
20,40
40,40
74,84
20,16
40,20
20,40
55,40
24,20
7,16
40,30
40,40
35,40
48,40
40,40
30,40
60,50
45,40
39,40
40,40
50,40
35,40
50,40
40,40
40,40
50,40
40,40
40,40
12,40
40,40
40,40
20,40
40,40
40,40
40,40
60,50
15,40
40,30
40,40
40,40
58,40
40,40
40,55
40,40
20,40
20,40
45,40
40,40
40,40
40,40
30,25
22,15
40,40
26,40
40,40
40,40
40,40
20,25
50,40
50,40
40,25
50,35
40,40
50,40
40,40
13,25
40,40
40,40
40,40
45,40
40,40
40,40
44,40
40,40
55,40
40,40
40,45
4,50
40,38
50,40
40,40
10,50
40,40
15,40
40,40
45,40
40,40
40,40
40,40
50,50
40,40
40,40
40,40
55,40
40,40
39,40
52,40
70,40
50,45
50,40
72,40
20,40
20,32
55,40
50,40
48,40
4,30
45,40
40,40
40,40
45,45
40,40
50,60
35,40
40,40
20,42
28,20
27,38
40,40
45,40
52,40
25,30
45,35
40,40
40,60
40,40
40,40
50,40
46,40
40,40
60,60
24,20
55,60
35,40
40,40
40,50
65,40
45,40
40,40
40,40
45,25
65,40
40,40
40,40
40,40
45,40
70,40
21,74
44,40
40,40
35,40
50,60
35,40
40,20
46,40
35,40
55,40
30,50
42,40
20,40
35,35
55,40
40,40
45,55
40,40
40,40
20,50
6,40
40,40
50,50
4,30
30,20
52,40
24,40
50,40
40,40
40,40
45,40
35,40
80,40
50,50
40,40
35,45
50,40
40,60
40,36
40,40
45,40
30,46
30,40
38,40
40,40
40,40
38,40
40,40
50,99
55,40
60,40
38,40
60,40
40,70
40,40
50,40
50,40
38,40
60,40
45,80
40,40
8,50
60,40
40,65
40,40
40,40
55,50
50,40
40,40
40,40
40,40
45,40
40,40
60,50
75,40
40,50
40,40
35,40
48,40
60,40
50,40
40,40
45,40
40,40
40,40
48,40
40,28
7,40
40,40
8,25
35,40
20,10
55,40
45,22
43,40
40,50
40,40
35,30
36,50
15,40
40,40
40,45
50,40
40,40
45,40
60,86
40,40
50,50
40,40
40,40
40,40
39,40
40,40
45,40
35,40
45,40
40,40
40,50
40,60
40,35
40,50
40,40
15,40
40,40
45,40
20,40
40,40
40,40
40,40
40,60
35,40
40,40
40,40
38,40
40,40
50,40
60,40
44,50
15,40
58,50
36,40
10,40
40,40
50,40
20,30
70,40
12,22
12,40
45,40
40,45
45,40
72,40
40,40
40,40
60,40
50,60
42,50
40,42
48,40
20,40
40,40
40,40
60,70
38,40
40,40
70,60
40,40
45,40
40,40
40,70
40,40
40,40
40,40
40,40
40,40
50,50
40,45
35,40
30,11
40,40
65,80
45,40
45,50
18,20
40,40
50,70
30,40
37,40
40,50
40,40
38,40
60,50
40,40
45,40
36,40
40,40
30,48
50,40
40,40
65,40
40,40
40,40
18,40
40,40
45,40
40,40
45,40
24,20
40,8
50,50
40,40
50,40
40,40
20,40
10,2
99,40
40,40
50,40
40,15
40,40
15,40
40,40
40,40
25,40
24,40
40,40
40,40
40,40
40,40
40,40
40,40
50,40
35,40
24,40
40,40
40,40
40,40
40,40
30,40
50,40
40,40
40,40
45,65
25,35
65,50
40,40
55,40
40,40
40,40
48,40
40,50
43,40
40,40
45,40
60,40
40,40
99,60
40,40
41,40
30,40
40,45
30,40
40,40
50,40
48,40
25,40
15,20
2,40
40,45
20,18
50,40
17,40
40,40
40,40
40,40
40,40
75,40
40,40
40,40
20,20
40,40
40,40
40,40
40,40
34,24
40,40
45,40
40,40
40,40
40,40
55,40
34,40
40,2
40,40
20,20
70,40
50,45
60,60
40,40
20,50
40,40
40,45
40,28
35,40
30,20
45,40
10,25
80,40
40,40
45,50
20,9
50,50
40,40
40,40
50,40
40,40
25,50
40,40
35,40
40,10
20,30
40,40
40,40
40,40
50,40
40,40
40,40
30,40
40,40
45,50
50,40
25,40
55,40
60,35
35,40
30,46
25,40
40,40
60,40
40,40
40,40
40,40
25,50
40,40
30,40
50,40
24,40
56,40
36,40
40,40
40,40
40,40
50,40
60,40
40,40
20,18
35,40
40,40
40,40
12,40
40,72
40,40
40,40
40,40
30,40
40,35
42,40
45,40
45,40
40,40
40,50
49,40
40,40
40,40
16,50
40,40
40,40
40,20
16,40
35,10
40,40
10,16
40,50
25,8
40,40
35,40
40,40
40,40
35,50
30,35
40,40
40,15
45,40
40,40
55,40
30,40
40,15
40,40
40,40
40,40
20,40
15,30
40,30
43,40
48,40
40,50
45,40
40,40
40,28
40,40
40,40
40,40
40,40
40,40
40,40
45,40
2,40
38,40
35,40
40,40
40,40
80,40
40,40
86,40
40,40
40,40
40,40
38,40
40,40
40,40
40,40
60,40
40,40
44,50
40,40
36,8
35,40
24,40
48,40
40,40
20,40
40,60
60,40
50,45
40,40
20,40
40,40
40,40
46,40
46,55
40,50
40,40
20,40
50,40
40,40
10,40
30,40
50,40
40,45
80,40
40,35
40,72
50,45
40,40
40,40
24,4
60,40
50,55
35,40
38,40
40,40
45,40
40,40
60,50
40,40
30,15
20,40
40,50
40,40
37,40
38,40
40,40
50,40
40,50
14,40
55,40
40,40
35,40
40,40
43,40
40,40
40,40
40,40
40,40
40,40
40,40
32,40
40,40
40,40
45,40
50,50
42,40
40,50
40,40
50,40
40,40
56,40
40,40
50,40
65,40
40,40
40,40
60,45
40,50
40,40
24,40
36,40
50,40
46,45
40,40
40,40
40,40
40,40
45,50
30,40
40,40
60,40
40,40
40,40
40,40
45,40
40,40
40,40
40,40
40,40
40,40
40,50
40,40
40,49
35,40
40,40
40,40
16,20
16,40
38,40
48,40
35,40
6,40
40,40
35,40
40,50
48,30
40,40
50,40
20,40
40,40
40,40
35,40
50,25
40,40
60,40
45,40
40,70
43,42
40,40
40,40
60,40
25,40
60,40
40,40
40,40
40,40
40,40
40,50
40,40
50,40
31,40
50,43
7,16
40,40
40,40
40,40
16,40
40,40
45,40
35,50
50,40
48,40
40,40
40,40
35,20
40,40
40,40
20,40
40,40
11,20
60,40
40,40
60,40
3,40
50,40
35,45
20,30
60,50
40,40
40,40
35,40
62,60
40,20
60,40
40,35
10,30
20,40
40,40
50,40
30,40
35,40
45,25
50,40
65,40
44,40
40,40
40,48
40,40
50,60
40,40
50,40
60,40
37,40
30,40
55,40
40,40
39,40
50,40
30,20
50,40
50,50
40,40
50,60
20,8
40,40
40,40
40,35
43,20
40,40
40,40
40,30
50,40
50,50
34,40
60,40
40,40
60,50
35,40
40,36
55,55
40,40
40,40
40,40
25,10
50,40
40,40
40,40
60,40
40,40
12,40
40,40
4,35
50,40
40,55
50,40
40,40
50,40
30,15
40,40
48,40
40,40
50,40
40,40
45,40
40,40
40,40
40,70
55,50
40,40
40,40
40,40
40,40
70,40
40,40
38,32
20,15
40,40
70,40
40,40
40,40
45,40
40,40
40,40
30,40
55,38
40,40
40,40
56,40
32,40
40,45
60,40
40,40
40,40
47,40
40,40
37,40
50,40
40,30
35,40
50,40
38,40
48,40
40,55
40,40
42,40
40,2
40,40
40,40
40,40
40,28
40,25
40,40
40,40
40,40
40,40
65,40
25,40
40,40
40,40
80,45
40,40
20,25
45,40
50,40
50,40
20,30
40,50
40,40
40,30
40,40
50,40
40,50
40,40
38,40
50,40
15,40
25,50
40,40
40,40
43,40
50,50
18,40
48,40
50,40
20,40
45,40
40,40
32,40
40,40
40,40
55,60
40,50
40,40
40,40
50,40
50,40
60,50
50,40
40,40
40,40
60,40
40,35
45,70
20,40
52,40
30,40
40,40
40,40
40,40
20,40
35,12
40,40
40,40
40,40
35,55
50,60
40,40
40,40
40,40
15,25
55,40
25,40
45,40
40,40
45,65
40,60
28,25
35,40
40,40
40,40
40,40
52,40
2,40
30,40
28,40
40,40
40,40
40,40
43,40
50,45
42,40
40,40
40,40
50,40
40,40
40,40
40,40
10,40
28,40
40,60
40,40
50,45
40,40
25,40
50,40
30,40
40,40
64,30
10,40
60,40
50,40
40,40
35,40
30,40
30,40
40,40
55,50
36,40
15,40
40,40
10,40
70,40
40,40
38,40
45,40
40,40
40,40
40,40
50,30
35,40
40,40
20,40
40,40
40,40
45,40
40,60
40,45
40,40
40,40
70,40
40,40
40,40
40,40
40,40
55,40
40,40
40,40
65,45
25,45
35,40
44,40
40,40
50,60
40,40
50,40
50,50
38,40
48,40
40,40
40,40
40,40
40,48
38,40
40,40
40,40
40,40
50,60
40,40
40,40
30,40
60,40
32,40
35,40
40,40
35,37
40,40
40,40
40,40
50,40
40,40
40,40
40,40
65,40
40,30
60,40
40,40
40,35
40,50
40,40
40,40
40,40
73,40
25,50
40,40
84,40
3,40
40,40
40,40
48,40
50,40
40,40
60,40
50,40
45,40
20,40
40,40
40,40
35,40
40,38
30,40
38,40
20,40
45,40
45,40
45,40
40,40
45,40
50,55
45,6
40,50
45,50
46,40
40,48
45,40
40,40
30,40
80,40
40,40
40,50
40,40
40,40
40,40
50,40
40,40
40,40
30,50
50,50
40,40
55,40
40,40
46,40
40,40
25,40
45,40
40,45
47,40
72,50
40,40
38,40
40,40
40,40
40,70
50,40
55,40
40,40
45,40
50,40
40,40
40,40
50,40
50,40
40,60
45,40
60,60
20,18
52,40
50,40
40,40
60,40
40,40
68,40
15,40
25,40
40,40
40,40
51,40
48,36
60,40
48,40
25,40
40,40
55,50
40,40
40,40
38,40
40,40
40,40
40,40
40,40
16,40
63,40
50,40
40,40
40,40
40,40
50,8
40,40
50,40
80,40
40,60
50,40
48,40
40,40
40,55
43,40
50,40
45,40
45,45
50,40
40,40
40,40
52,20
40,40
40,40
50,65
50,50
60,40
40,40
40,99
50,50
40,40
40,50
40,40
40,40
35,40
25,20
70,40
35,40
40,40
40,40
50,40
40,40
15,20
40,40
40,40
20,50
40,40
40,44
40,25
18,40
25,20
45,40
40,40
70,65
40,40
15,15
40,45
40,40
45,50
48,40
10,40
40,30
35,40
50,40
40,40
60,50
50,40
34,40
48,40
65,40
25,40
45,40
24,40
50,40
20,40
16,30
48,40
50,40
53,40
35,40
3,35
50,55
75,40
45,40
40,40
40,40
5,40
40,40
30,20
40,40
40,40
40,20
20,11
50,65
40,40
48,60
50,40
40,15
40,40
35,25
60,60
40,40
40,40
38,40
46,40
40,30
48,50
40,40
50,40
30,40
40,33
40,40
50,40
43,40
50,40
40,40
18,25
40,40
40,35
40,40
40,40
40,40
40,40
60,15
40,40
30,20
37,40
60,40
35,40
30,40
40,40
70,40
40,40
60,50
40,40
6,75
50,40
40,40
40,40
40,40
35,40
40,50
40,40
75,44
40,40
40,50
40,40
65,50
40,40
30,40
40,40
28,40
40,40
40,40
45,40
45,40
40,40
25,20
40,32
40,40
35,40
40,60
60,40
15,40
40,50
12,40
37,50
40,40
40,40
8,40
25,40
40,50
40,40
36,40
70,40
40,40
70,40
40,40
55,45
40,52
40,40
60,40
30,40
60,35
36,30
70,40
25,15
40,40
50,40
40,40
21,40
60,48
55,55
40,40
40,40
15,20
60,40
40,40
40,45
38,40
40,40
40,40
40,40
40,40
40,16
50,40
40,40
40,40
40,45
40,50
40,40
40,40
40,40
40,40
30,40
40,40
62,40
40,40
40,40
50,55
43,40
32,40
50,40
20,40
40,40
60,40
45,40
60,70
40,40
40,40
40,40
14,16
60,40
40,40
40,40
60,40
32,50
50,40
40,40
60,40
45,45
40,40
45,40
40,40
45,40
35,18
50,60
47,40
40,40
10,40
15,20
15,40
20,40
40,40
70,60
45,40
40,40
40,40
24,22
43,40
45,40
30,40
40,40
20,40
60,60
40,40
26,30
40,45
45,40
40,40
40,26
68,40
19,12
8,18
40,40
45,40
40,45
70,40
40,40
60,40
37,40
40,40
40,40
50,40
20,40
55,45
40,45
60,40
45,40
50,40
40,40
50,40
40,40
40,40
25,40
40,40
32,40
40,20
40,40
43,40
40,40
40,40
40,23
40,10
48,40
40,55
50,40
40,40
60,40
15,40
20,40
50,54
55,40
40,40
45,40
40,45
84,60
45,60
40,40
65,35
40,40
45,40
55,50
40,40
60,60
40,40
41,50
40,40
60,52
40,40
16,15
60,40
40,40
32,40
45,40
45,40
40,40
24,40
35,50
40,40
45,40
35,40
40,40
45,40
38,30
40,40
40,40
38,20
48,60
48,50
50,50
40,40
40,40
40,60
16,20
40,40
20,40
15,40
50,40
40,47
40,40
99,40
40,40
20,40
40,40
40,40
20,25
45,40
21,35
30,40
80,40
40,40
40,40
60,40
40,40
40,40
35,20
40,40
45,40
38,40
40,40
40,40
50,30
45,40
60,40
50,40
40,40
60,40
40,40
40,40
60,35
40,40
55,40
65,50
42,40
40,40
40,40
40,20
40,40
40,40
40,40
30,40
45,40
15,40
40,40
40,40
45,40
40,40
40,60
40,40
40,40
50,40
55,40
40,40
50,40
40,40
40,45
40,40
99,40
15,40
32,40
40,40
40,40
40,40
30,18
40,38
15,40
20,40
10,40
60,40
40,40
40,40
40,40
32,3
40,40
30,40
17,40
20,35
40,40
60,60
35,20
40,40
40,40
30,25
40,40
40,20
45,40
40,40
40,40
50,40
40,40
40,40
40,40
70,40
35,40
50,40
35,40
16,40
40,40
40,16
40,40
40,40
35,60
40,40
50,40
40,15
40,40
40,40
40,40
40,40
40,40
30,20
40,40
20,40
40,40
20,25
80,50
15,40
40,35
50,60
40,40
30,55
45,40
50,40
40,40
40,40
40,40
35,60
30,15
10,25
30,40
40,40
40,25
40,40
55,40
17,40
60,40
40,40
30,40
15,98
40,40
20,40
40,40
40,40
40,40
40,40
20,25
32,40
45,40
40,40
40,40
40,50
48,40
38,40
40,40
46,40
45,35
40,40
50,45
60,40
40,40
60,45
50,40
40,40
40,40
40,40
40,40
40,40
4,40
50,50
30,40
30,50
50,40
35,15
50,40
30,40
40,30
40,30
45,40
8,21
40,40
20,12
40,40
40,40
50,25
40,40
30,40
40,40
20,40
40,40
45,40
50,40
40,20
40,40
40,20
45,40
40,40
30,40
48,40
50,80
40,40
38,40
40,45
60,60
10,40
35,8
35,30
40,40
40,40
22,40
35,40
40,40
50,40
40,40
45,40
40,40
55,40
20,30
40,40
40,40
42,60
48,40
40,20
30,40
40,40
42,40
40,40
40,40
40,40
40,40
40,40
40,40
50,40
36,36
40,40
16,40
75,25
40,40
24,40
84,40
43,40
30,40
40,40
40,40
46,40
40,40
40,40
40,40
50,40
15,40
40,40
40,40
4,40
40,40
40,40
40,40
40,40
30,30
38,40
33,40
50,50
40,40
56,40
50,40
30,42
40,40
46,40
45,40
50,60
37,25
53,40
34,56
50,50
40,40
40,40
30,20
45,40
40,40
20,30
40,20
40,84
40,40
40,40
40,40
35,40
40,50
40,40
45,40
40,40
35,40
40,40
16,25
50,40
40,40
35,32
40,40
40,40
40,40
40,60
30,40
40,25
40,40
24,40
40,40
4,40
40,40
40,40
40,40
40,40
40,38
40,40
58,40
24,40
50,50
40,40
40,40
40,40
72,40
43,40
40,40
58,40
50,40
20,20
40,40
37,30
21,40
50,40
99,40
48,40
45,40
60,60
40,40
50,40
25,40
28,38
40,40
40,40
36,40
40,40
33,35
40,40
40,40
40,45
40,40
40,60
60,30
35,8
40,40
48,40
50,40
40,40
47,60
28,40
50,50
40,40
40,40
40,40
40,40
7,25
40,40
50,50
20,16
40,40
50,40
15,40
47,40
40,40
42,40
30,60
43,40
40,45
40,40
40,20
40,50
20,20
33,40
45,45
2,30
40,40
40,40
46,40
40,40
32,40
40,40
40,40
40,45
40,40
40,40
25,40
40,40
40,40
40,40
40,40
40,40
9,16
15,40
40,40
40,40
48,50
40,40
40,40
40,40
40,45
55,45
50,40
50,40
45,40
72,40
60,40
40,50
50,40
40,50
40,40
50,50
50,40
40,40
40,40
48,40
40,40
40,40
52,40
60,50
40,40
30,20
30,50
35,40
45,15
6,40
35,40
8,48
70,35
36,38
31,40
38,40
40,40
40,40
40,40
40,40
40,40
40,40
50,40
45,40
15,40
35,40
40,40
10,12
25,40
40,40
40,40
25,30
40,40
40,40
50,50
30,30
22,40
40,40
40,40
20,40
45,50
40,40
80,40
40,40
50,60
15,40
40,40
40,40
20,20
40,55
10,30
25,40
30,49
40,40
3,40
48,40
40,40
30,40
65,40
40,10
40,40
44,40
40,40
50,40
60,65
20,12
40,40
40,40
40,40
60,40
40,40
40,40
40,40
45,40
48,40
45,45
45,40
20,40
60,55
40,40
20,15
37,45
40,20
43,40
55,40
42,30
40,40
6,25
40,42
42,40
40,40
29,24
20,45
60,60
40,40
67,40
40,40
40,40
80,40
55,40
45,40
20,25
7,40
40,40
40,40
40,40
59,40
40,40
44,40
60,40
40,60
40,40
40,50
50,40
40,40
40,75
40,60
24,40
55,50
60,50
25,25
40,40
43,40
40,40
9,40
40,40
40,40
40,40
40,40
20,40
35,40
40,40
60,40
50,28
30,40
40,40
45,40
50,40
40,40
20,20
70,40
40,40
45,40
2,40
40,40
45,50
40,60
40,15
40,40
32,40
40,40
56,40
40,40
40,40
45,40
50,50
40,32
40,40
70,40
40,40
40,40
40,40
40,50
40,40
40,40
40,35
50,40
50,40
10,20
40,40
40,40
52,40
40,40
45,50
52,40
15,40
40,40
40,40
60,40
70,30
40,40
40,45
40,40
50,60
40,40
40,52
32,16
70,40
40,60
40,40
44,40
40,40
50,55
45,40
40,45
50,45
40,40
42,40
30,40
70,60
18,40
40,40
40,40
40,40
20,30
40,40
40,40
25,40
45,40
45,40
41,40
40,40
40,40
40,40
50,40
50,40
35,40
80,50
40,40
45,45
45,45
40,40
40,40
50,40
45,40
20,40
10,40
75,50
40,25
35,25
40,45
40,40
40,40
40,40
8,40
36,40
40,40
40,40
40,40
40,60
37,40
40,40
45,40
40,40
30,40
60,50
40,40
40,40
55,60
60,40
45,40
72,40
30,45
20,40
70,60
50,40
50,40
40,40
50,40
40,40
40,40
20,40
16,18
30,40
12,4
50,40
60,40
70,15
40,40
40,65
50,48
39,40
60,50
25,50
40,40
36,40
54,84
38,40
20,40
40,35
30,40
40,40
55,20
15,24
50,50
35,45
32,40
40,40
40,40
40,40
40,40
40,40
40,40
99,40
40,30
45,40
50,40
40,53
38,40
35,40
54,40
9,40
40,40
40,20
50,40
35,40
40,40
45,40
45,40
40,50
26,20
40,40
40,40
50,40
2,40
45,40
40,40
10,6
45,40
44,50
40,40
40,45
40,40
40,40
40,40
40,40
32,70
45,50
40,45
10,25
60,40
40,40
40,40
38,40
40,40
40,40
40,40
40,40
40,20
40,40
50,46
25,30
30,40
40,40
20,40
40,40
40,40
30,40
30,40
60,40
32,40
40,40
20,24
40,30
35,40
40,40
45,40
40,43
45,40
45,40
40,40
40,40
55,40
40,40
60,40
40,40
50,40
40,40
40,50
30,30
40,40
28,40
50,40
40,40
48,40
40,40
39,40
70,40
45,50
32,40
32,20
9,40
50,40
48,40
37,40
40,40
50,40
40,40
40,40
45,45
40,40
55,40
40,40
40,35
40,40
20,40
45,40
20,40
40,40
65,40
40,40
40,40
45,40
45,40
40,40
50,40
80,50
40,40
40,40
40,40
40,40
8,40
14,30
50,40
40,40
40,40
50,60
40,20
30,25
50,40
44,40
48,40
40,20
40,40
30,40
55,40
65,65
15,12
40,20
40,40
12,40
75,40
40,40
40,40
35,40
40,40
40,40
24,40
40,40
35,40
65,40
40,40
90,40
25,40
40,50
40,40
25,24
25,45
30,40
50,40
40,40
40,40
20,40
40,40
40,40
40,40
50,40
20,12
35,40
40,40
50,18
40,50
40,40
48,40
16,40
40,40
45,44
40,40
40,40
20,20
50,40
40,25
60,60
45,40
40,40
40,45
30,40
40,40
45,40
50,40
40,40
20,40
45,40
45,40
40,40
70,40
65,40
40,40
50,40
4,55
40,40
40,40
45,40
40,40
40,40
40,40
40,40
6,40
40,40
72,60
40,40
40,40
20,40
40,37
75,50
40,40
40,40
20,30
25,40
40,48
40,40
84,40
32,40
35,40
55,40
40,40
50,40
50,40
45,40
30,10
50,50
40,40
65,60
40,40
50,85
40,40
40,40
25,40
20,40
40,40
40,55
40,40
40,40
40,40
37,40
40,60
60,72
35,30
50,40
40,40
40,40
40,40
40,40
52,40
40,40
40,40
65,56
48,40
40,40
40,40
25,20
40,40
40,40
40,40
20,42
40,40
30,25
48,40
35,60
40,40
40,40
30,40
40,40
30,25
40,40
40,40
20,40
40,20
35,40
40,40
55,45
40,40
40,40
70,40
50,40
50,45
40,40
5,30
60,40
15,10
40,40
40,40
48,40
40,40
40,40
40,40
40,40
42,40
15,20
40,40
55,40
30,40
36,40
40,65
20,40
40,50
40,20
20,40
45,45
50,80
20,24
40,40
50,40
40,40
40,40
38,40
40,40
38,40
40,50
40,40
40,8
29,40
16,30
40,40
25,20
60,50
40,40
40,40
20,40
45,50
40,40
44,43
38,40
40,40
40,40
15,40
35,40
42,40
35,40
70,40
45,40
15,40
55,40
20,40
40,40
74,60
25,40
40,40
50,40
52,40
40,40
32,20
40,40
55,40
40,40
40,40
15,40
47,40
40,40
40,50
37,40
38,40
55,40
40,40
40,40
35,10
25,40
50,40
35,40
27,40
40,40
40,40
50,60
92,50
30,20
55,50
50,60
15,40
40,40
40,40
40,40
50,40
40,10
40,40
75,40
40,40
40,45
20,20
45,40
60,50
40,25
50,60
40,40
40,99
60,40
45,40
45,20
35,40
40,40
35,55
60,40
40,40
40,40
40,25
15,40
65,40
37,30
24,20
40,40
40,40
40,40
40,40
45,40
40,40
40,40
40,40
45,50
30,10
50,40
40,40
30,50
40,40
40,40
40,40
40,40
35,45
40,40
40,40
40,40
40,40
40,40
35,40
40,40
40,40
50,55
40,40
45,40
50,40
40,40
40,40
30,40
10,25
35,40
70,25
80,40
45,40
45,40
40,40
40,30
40,40
40,40
40,40
40,55
40,50
47,55
50,50
40,40
40,40
40,40
28,40
35,40
40,40
40,40
30,55
40,40
45,40
40,50
28,40
44,40
20,40
38,40
40,40
50,40
20,20
48,40
40,40
15,20
40,25
40,40
17,40
40,40
32,40
40,20
30,30
20,40
40,40
30,40
30,65
40,35
40,40
40,40
35,40
40,40
50,50
52,55
40,40
60,50
40,40
32,44
40,40
80,40
25,20
40,55
40,40
30,50
40,50
45,40
40,40
16,40
55,40
50,40
60,50
60,40
40,60
35,25
24,40
16,25
60,24
40,40
40,40
40,40
40,30
50,40
40,40
54,40
40,40
40,40
64,30
40,40
50,50
40,40
40,40
30,68
48,40
45,40
54,40
48,40
40,40
40,40
50,40
55,60
40,40
40,50
20,45
50,45
55,44
40,50
15,40
20,40
40,15
40,40
40,40
40,40
40,40
40,40
50,40
40,40
50,40
32,40
40,50
40,40
40,40
40,40
35,40
40,40
15,40
43,48
70,40
40,40
20,16
50,40
40,40
40,15
50,40
40,30
40,50
38,40
50,40
60,30
46,40
45,40
45,50
24,40
60,40
40,40
40,35
40,40
50,44
40,40
48,40
21,40
75,40
40,40
40,40
35,38
48,40
40,40
45,40
56,40
7,55
10,40
33,40
40,40
30,40
20,40
75,40
40,40
40,40
40,40
40,40
40,40
50,40
40,50
60,40
45,40
25,40
35,35
50,40
40,40
70,40
20,10
40,40
25,40
50,40
40,40
40,40
40,30
20,40
40,40
60,50
40,40
40,40
35,30
40,40
40,40
38,40
40,40
60,50
40,40
40,40
28,7
45,40
40,40
8,25
45,50
50,40
48,40
60,40
40,40
45,40
30,40
40,40
40,40
50,40
37,40
15,40
55,40
40,40
45,40
48,40
35,40
40,40
40,40
40,40
40,40
40,40
40,40
40,40
16,40
40,40
40,40
40,40
40,40
40,40
40,40
50,40
35,40
69,40
50,50
20,15
15,25
46,40
40,40
10,25
50,40
40,40
40,40
40,40
40,40
55,40
40,40
50,45
16,40
55,20
20,16
45,40
40,40
40,40
50,40
40,40
40,40
40,25
40,40
40,40
40,40
40,40
50,40
40,20
20,35
15,50
40,40
18,40
15,40
99,20
80,40
45,40
10,48
25,45
30,40
40,40
25,40
35,40
40,40
40,40
40,40
40,40
40,30
40,99
14,40
40,40
50,40
32,40
40,40
40,40
40,35
45,50
20,40
15,20
40,50
60,40
40,40
40,40
38,35
60,40
35,40
20,20
40,40
40,40
37,40
43,40
40,40
40,45
40,40
40,50
45,40
40,40
32,40
40,40
40,40
40,45
50,50
30,40
20,40
40,40
10,70
20,25
40,40
30,17
40,40
45,40
20,40
40,40
40,40
40,40
56,40
40,40
40,40
40,50
25,10
35,40
45,40
32,20
40,40
44,40
40,40
40,40
40,40
15,20
40,50
70,40
40,40
40,40
40,40
40,40
50,40
20,40
40,40
20,16
36,40
50,40
50,40
40,40
40,40
50,40
40,40
16,40
25,40
15,20
40,40
25,45
3,35
45,40
50,40
40,35
40,40
36,40
40,40
40,60
60,50
50,40
40,40
40,40
38,40
40,40
40,40
30,40
35,40
55,40
12,25
40,40
40,40
40,40
45,50
36,40
45,40
24,40
40,18
40,40
35,25
44,30
60,50
42,99
40,40
50,6
50,35
43,40
25,20
40,40
84,40
20,20
45,40
50,40
40,40
35,40
40,40
8,40
35,40
35,40
40,40
50,40
40,40
42,40
40,60
10,25
50,45
40,40
60,40
40,40
60,50
40,40
65,60
36,33
84,60
40,40
40,40
40,40
40,40
50,50
60,40
50,40
50,60
45,40
40,40
40,40
40,40
55,50
55,40
40,40
40,40
40,40
20,40
40,40
60,60
50,40
45,40
38,40
20,40
15,40
60,40
40,40
40,40
40,40
50,40
40,40
80,40
41,40
40,40
75,40
55,40
16,15
20,40
40,40
45,40
40,40
40,40
40,40
35,40
48,40
40,40
40,40
20,40
52,30
60,40
60,40
50,40
14,40
20,9
8,40
38,40
40,40
40,40
72,40
65,40
36,40
40,50
48,40
20,5
40,40
54,45
40,40
40,40
40,40
50,50
62,49
40,40
37,40
40,40
40,40
40,40
40,40
43,60
40,40
15,15
40,40
40,40
40,40
40,40
50,40
40,40
45,45
36,40
50,40
50,40
90,50
40,40
40,40
45,40
60,40
40,50
65,40
40,40
45,40
40,40
40,40
40,40
40,40
45,40
40,40
45,60
40,40
35,40
20,25
48,45
40,40
20,40
50,40
45,40
15,40
40,40
60,50
40,40
65,40
45,45
30,25
38,40
40,40
40,40
40,40
40,40
35,50
40,50
40,40
40,60
40,20
10,25
45,40
60,40
40,40
40,40
44,40
40,40
40,20
30,40
45,40
40,40
52,40
20,40
40,40
40,40
60,40
15,40
48,40
50,55
36,40
20,40
60,40
20,40
35,40
16,50
40,40
20,40
40,40
40,40
48,40
40,40
40,40
50,40
40,40
34,40
52,40
40,40
80,50
30,35
25,40
60,40
40,40
42,40
50,32
60,40
40,50
20,40
40,40
40,40
40,40
40,60
20,32
40,50
40,40
50,50
50,40
40,40
40,20
40,40
8,35
45,15
55,45
40,40
40,40
32,65
40,40
32,50
40,40
36,40
40,45
40,40
48,40
40,55
40,6
40,40
40,40
36,50
40,40
50,40
40,40
60,50
